method,content_id,question_id,category,budget,selected_ids,token_used,budget_utilization,required_unit_recall,complete_hit,optional_support_recall,evidence_precision,evidence_f1,extra_chunk_count,distractor_count,ground_truth_selection_hit,best_ground_truth_jaccard
budget_fill,content_01_aero_support,q01_direct,direct,128,"['p01', 'p21', 'p06', 'p33']",117,0.9140625,1.0,True,0.0,0.25,0.4,3,1,False,0.25
keyword_overlap,content_01_aero_support,q01_direct,direct,128,"['p01', 'p21', 'p02', 'p28']",115,0.8984375,1.0,True,0.0,0.25,0.4,3,1,False,0.25
random,content_01_aero_support,q01_direct,direct,128,"['p35', 'p11', 'p28', 'p01']",117,0.9140625,1.0,True,0.0,0.25,0.4,3,1,False,0.25
feature_knapsack,content_01_aero_support,q01_direct,direct,128,"['p01', 'p16', 'p21', 'p35']",121,0.9453125,1.0,True,0.5,0.5,0.6666666666666666,2,2,False,0.25
budget_fill,content_01_aero_support,q01_direct,direct,256,"['p01', 'p21', 'p06', 'p33', 'p02', 'p17', 'p10', 'p26']",238,0.9296875,1.0,True,0.0,0.125,0.2222222222222222,7,1,False,0.1111111111111111
keyword_overlap,content_01_aero_support,q01_direct,direct,256,"['p01', 'p21', 'p02', 'p28', 'p16', 'p35', 'p08', 'p39']",234,0.9140625,1.0,True,0.5,0.25,0.4,6,2,False,0.25
random,content_01_aero_support,q01_direct,direct,256,"['p16', 'p20', 'p02', 'p17', 'p33', 'p26', 'p07', 'p28']",238,0.9296875,0.0,False,0.5,0.125,0.0,7,0,False,0.1111111111111111
feature_knapsack,content_01_aero_support,q01_direct,direct,256,"['p01', 'p02', 'p04', 'p16', 'p21', 'p24', 'p31', 'p35']",236,0.921875,1.0,True,0.5,0.25,0.4,6,2,False,0.25
budget_fill,content_01_aero_support,q01_direct,direct,512,"['p01', 'p21', 'p06', 'p33', 'p02', 'p17', 'p10', 'p26', 'p05', 'p38', 'p03', 'p18', 'p08', 'p29', 'p04', 'p15', 'p12']",495,0.966796875,1.0,True,0.0,0.058823529411764705,0.1111111111111111,16,1,False,0.05263157894736842
keyword_overlap,content_01_aero_support,q01_direct,direct,512,"['p01', 'p21', 'p02', 'p28', 'p16', 'p35', 'p08', 'p39', 'p04', 'p10', 'p24', 'p31', 'p09', 'p13', 'p37', 'p07', 'p12']",496,0.96875,1.0,True,1.0,0.17647058823529413,0.3,14,2,False,0.17647058823529413
random,content_01_aero_support,q01_direct,direct,512,"['p14', 'p16', 'p12', 'p28', 'p22', 'p34', 'p11', 'p25', 'p19', 'p18', 'p36', 'p24', 'p35', 'p29', 'p21', 'p33', 'p03']",509,0.994140625,0.0,False,0.5,0.058823529411764705,0.0,16,2,False,0.05263157894736842
feature_knapsack,content_01_aero_support,q01_direct,direct,512,"['p01', 'p02', 'p04', 'p13', 'p16', 'p21', 'p24', 'p28', 'p31', 'p35']",296,0.578125,1.0,True,1.0,0.3,0.4615384615384615,7,2,False,0.3
budget_fill,content_01_aero_support,q01_direct,direct,1024,"['p01', 'p21', 'p06', 'p33', 'p02', 'p17', 'p10', 'p26', 'p05', 'p38', 'p03', 'p18', 'p08', 'p29', 'p04', 'p15', 'p12', 'p34', 'p07', 'p22', 'p11', 'p35', 'p30', 'p16', 'p09', 'p20', 'p14', 'p24', 'p27', 'p28', 'p13', 'p19', 'p23', 'p25']",1000,0.9765625,1.0,True,1.0,0.08823529411764706,0.1621621621621622,31,2,False,0.11764705882352941
keyword_overlap,content_01_aero_support,q01_direct,direct,1024,"['p01', 'p21', 'p02', 'p28', 'p16', 'p35', 'p08', 'p39', 'p04', 'p10', 'p24', 'p31', 'p09', 'p13', 'p37', 'p07', 'p12', 'p27', 'p38', 'p05', 'p11', 'p30', 'p06', 'p15', 'p18', 'p20', 'p22', 'p23', 'p32', 'p33', 'p36', 'p25', 'p29', 'p03', 'p19']",1021,0.9970703125,1.0,True,1.0,0.08571428571428572,0.15789473684210528,32,2,False,0.11428571428571428
random,content_01_aero_support,q01_direct,direct,1024,"['p03', 'p35', 'p39', 'p40', 'p13', 'p05', 'p34', 'p28', 'p09', 'p25', 'p06', 'p12', 'p26', 'p11', 'p19', 'p08', 'p20', 'p36', 'p02', 'p16', 'p15', 'p38', 'p37', 'p22', 'p18', 'p14', 'p21', 'p17', 'p31', 'p10', 'p07', 'p33', 'p32', 'p27']",1002,0.978515625,0.0,False,1.0,0.058823529411764705,0.0,32,2,False,0.08571428571428572
feature_knapsack,content_01_aero_support,q01_direct,direct,1024,"['p01', 'p02', 'p04', 'p13', 'p16', 'p21', 'p24', 'p28', 'p31', 'p35']",296,0.2890625,1.0,True,1.0,0.3,0.4615384615384615,7,2,False,0.4
budget_fill,content_01_aero_support,q02_direct,direct,128,"['p01', 'p21', 'p06', 'p33']",117,0.9140625,0.0,False,0.0,0.0,0.0,4,0,False,0.0
keyword_overlap,content_01_aero_support,q02_direct,direct,128,"['p02', 'p40', 'p03', 'p31']",113,0.8828125,1.0,True,0.5,0.5,0.6666666666666666,2,0,False,0.25
random,content_01_aero_support,q02_direct,direct,128,"['p32', 'p27', 'p17', 'p23']",120,0.9375,0.0,False,0.0,0.0,0.0,4,0,False,0.0
feature_knapsack,content_01_aero_support,q02_direct,direct,128,"['p02', 'p03', 'p26', 'p40']",115,0.8984375,1.0,True,0.5,0.5,0.6666666666666666,2,0,False,0.25
budget_fill,content_01_aero_support,q02_direct,direct,256,"['p01', 'p21', 'p06', 'p33', 'p02', 'p17', 'p10', 'p26']",238,0.9296875,1.0,True,0.0,0.125,0.2222222222222222,7,0,False,0.1111111111111111
keyword_overlap,content_01_aero_support,q02_direct,direct,256,"['p02', 'p40', 'p03', 'p31', 'p33', 'p26', 'p01', 'p27', 'p30']",256,1.0,1.0,True,0.5,0.2222222222222222,0.3636363636363636,7,0,False,0.2222222222222222
random,content_01_aero_support,q02_direct,direct,256,"['p17', 'p08', 'p21', 'p05', 'p24', 'p02', 'p33', 'p18']",237,0.92578125,1.0,True,0.0,0.125,0.2222222222222222,7,0,False,0.1111111111111111
feature_knapsack,content_01_aero_support,q02_direct,direct,256,"['p01', 'p02', 'p03', 'p09', 'p14', 'p25', 'p26', 'p40']",235,0.91796875,1.0,True,1.0,0.375,0.5454545454545454,5,0,False,0.25
budget_fill,content_01_aero_support,q02_direct,direct,512,"['p01', 'p21', 'p06', 'p33', 'p02', 'p17', 'p10', 'p26', 'p05', 'p38', 'p03', 'p18', 'p08', 'p29', 'p04', 'p15', 'p12']",495,0.966796875,1.0,True,0.0,0.058823529411764705,0.1111111111111111,16,0,False,0.05263157894736842
keyword_overlap,content_01_aero_support,q02_direct,direct,512,"['p02', 'p40', 'p03', 'p31', 'p33', 'p26', 'p01', 'p27', 'p30', 'p09', 'p21', 'p25', 'p14', 'p07', 'p12', 'p38', 'p05']",489,0.955078125,1.0,True,1.0,0.17647058823529413,0.3,14,0,False,0.17647058823529413
random,content_01_aero_support,q02_direct,direct,512,"['p36', 'p29', 'p35', 'p22', 'p30', 'p25', 'p19', 'p18', 'p09', 'p07', 'p37', 'p05', 'p21', 'p31', 'p15', 'p38', 'p32']",505,0.986328125,0.0,False,0.0,0.0,0.0,17,0,False,0.0
feature_knapsack,content_01_aero_support,q02_direct,direct,512,"['p01', 'p02', 'p03', 'p09', 'p14', 'p23', 'p25', 'p26', 'p31', 'p40']",294,0.57421875,1.0,True,1.0,0.3,0.4615384615384615,7,0,False,0.3
budget_fill,content_01_aero_support,q02_direct,direct,1024,"['p01', 'p21', 'p06', 'p33', 'p02', 'p17', 'p10', 'p26', 'p05', 'p38', 'p03', 'p18', 'p08', 'p29', 'p04', 'p15', 'p12', 'p34', 'p07', 'p22', 'p11', 'p35', 'p30', 'p16', 'p09', 'p20', 'p14', 'p24', 'p27', 'p28', 'p13', 'p19', 'p23', 'p25']",1000,0.9765625,1.0,True,0.5,0.058823529411764705,0.1111111111111111,32,0,False,0.08571428571428572
keyword_overlap,content_01_aero_support,q02_direct,direct,1024,"['p02', 'p40', 'p03', 'p31', 'p33', 'p26', 'p01', 'p27', 'p30', 'p09', 'p21', 'p25', 'p14', 'p07', 'p12', 'p38', 'p05', 'p08', 'p11', 'p39', 'p04', 'p06', 'p10', 'p15', 'p19', 'p24', 'p28', 'p16', 'p18', 'p20', 'p22', 'p23', 'p32', 'p36', 'p13']",1017,0.9931640625,1.0,True,1.0,0.08571428571428572,0.15789473684210528,32,0,False,0.11428571428571428
random,content_01_aero_support,q02_direct,direct,1024,"['p29', 'p25', 'p15', 'p38', 'p40', 'p20', 'p35', 'p11', 'p18', 'p26', 'p28', 'p24', 'p22', 'p27', 'p04', 'p07', 'p32', 'p19', 'p01', 'p10', 'p12', 'p21', 'p23', 'p16', 'p02', 'p03', 'p36', 'p14', 'p17', 'p37', 'p39', 'p13', 'p08', 'p31']",1001,0.9775390625,1.0,True,1.0,0.08823529411764706,0.1621621621621622,31,0,False,0.11764705882352941
feature_knapsack,content_01_aero_support,q02_direct,direct,1024,"['p01', 'p02', 'p03', 'p09', 'p14', 'p23', 'p25', 'p26', 'p31', 'p40']",294,0.287109375,1.0,True,1.0,0.3,0.4615384615384615,7,0,False,0.4
budget_fill,content_01_aero_support,q03_direct,direct,128,"['p01', 'p21', 'p06', 'p33']",117,0.9140625,0.5,False,0.0,0.25,0.3333333333333333,3,1,False,0.2
keyword_overlap,content_01_aero_support,q03_direct,direct,128,"['p06', 'p18', 'p32', 'p05']",117,0.9140625,1.0,True,1.0,1.0,1.0,0,0,False,0.5
random,content_01_aero_support,q03_direct,direct,128,"['p31', 'p05', 'p29', 'p27']",116,0.90625,0.5,False,0.0,0.25,0.3333333333333333,3,0,False,0.2
feature_knapsack,content_01_aero_support,q03_direct,direct,128,"['p06', 'p18', 'p19', 'p32']",118,0.921875,0.5,False,1.0,1.0,0.6666666666666666,0,0,False,0.2
budget_fill,content_01_aero_support,q03_direct,direct,256,"['p01', 'p21', 'p06', 'p33', 'p02', 'p17', 'p10', 'p26']",238,0.9296875,0.5,False,0.0,0.125,0.2,7,2,False,0.1
keyword_overlap,content_01_aero_support,q03_direct,direct,256,"['p06', 'p18', 'p32', 'p05', 'p10', 'p28', 'p02', 'p08']",231,0.90234375,1.0,True,1.0,0.5,0.6666666666666666,4,0,False,0.375
random,content_01_aero_support,q03_direct,direct,256,"['p09', 'p07', 'p19', 'p25', 'p06', 'p01', 'p40', 'p20']",232,0.90625,0.5,False,0.0,0.25,0.3333333333333333,6,0,False,0.1
feature_knapsack,content_01_aero_support,q03_direct,direct,256,"['p05', 'p06', 'p17', 'p18', 'p19', 'p28', 'p32', 'p33']",238,0.9296875,1.0,True,1.0,0.625,0.7692307692307693,3,2,False,0.375
budget_fill,content_01_aero_support,q03_direct,direct,512,"['p01', 'p21', 'p06', 'p33', 'p02', 'p17', 'p10', 'p26', 'p05', 'p38', 'p03', 'p18', 'p08', 'p29', 'p04', 'p15', 'p12']",495,0.966796875,1.0,True,0.5,0.17647058823529413,0.3,14,2,False,0.16666666666666666
keyword_overlap,content_01_aero_support,q03_direct,direct,512,"['p06', 'p18', 'p32', 'p05', 'p10', 'p28', 'p02', 'p08', 'p30', 'p39', 'p15', 'p19', 'p16', 'p34', 'p01', 'p07', 'p12']",487,0.951171875,1.0,True,1.0,0.29411764705882354,0.45454545454545453,12,0,False,0.23529411764705882
random,content_01_aero_support,q03_direct,direct,512,"['p38', 'p03', 'p23', 'p26', 'p12', 'p13', 'p09', 'p15', 'p34', 'p21', 'p30', 'p24', 'p27', 'p25', 'p31', 'p05', 'p11']",494,0.96484375,0.5,False,0.0,0.058823529411764705,0.10526315789473684,16,0,False,0.05
feature_knapsack,content_01_aero_support,q03_direct,direct,512,"['p05', 'p06', 'p07', 'p17', 'p18', 'p19', 'p28', 'p30', 'p32', 'p33']",293,0.572265625,1.0,True,1.0,0.5,0.6666666666666666,5,2,False,0.4
budget_fill,content_01_aero_support,q03_direct,direct,1024,"['p01', 'p21', 'p06', 'p33', 'p02', 'p17', 'p10', 'p26', 'p05', 'p38', 'p03', 'p18', 'p08', 'p29', 'p04', 'p15', 'p12', 'p34', 'p07', 'p22', 'p11', 'p35', 'p30', 'p16', 'p09', 'p20', 'p14', 'p24', 'p27', 'p28', 'p13', 'p19', 'p23', 'p25']",1000,0.9765625,1.0,True,0.5,0.11764705882352941,0.21052631578947367,30,2,False,0.11428571428571428
keyword_overlap,content_01_aero_support,q03_direct,direct,1024,"['p06', 'p18', 'p32', 'p05', 'p10', 'p28', 'p02', 'p08', 'p30', 'p39', 'p15', 'p19', 'p16', 'p34', 'p01', 'p07', 'p12', 'p27', 'p38', 'p11', 'p04', 'p24', 'p31', 'p09', 'p20', 'p22', 'p23', 'p33', 'p36', 'p13', 'p21', 'p25', 'p37', 'p14', 'p29']",1024,1.0,1.0,True,1.0,0.14285714285714285,0.25,30,1,False,0.14285714285714285
random,content_01_aero_support,q03_direct,direct,1024,"['p09', 'p04', 'p38', 'p26', 'p32', 'p17', 'p06', 'p23', 'p05', 'p12', 'p11', 'p29', 'p15', 'p40', 'p18', 'p16', 'p25', 'p30', 'p35', 'p22', 'p27', 'p39', 'p07', 'p37', 'p19', 'p28', 'p20', 'p24', 'p33', 'p02', 'p21', 'p14', 'p03', 'p34']",1003,0.9794921875,1.0,True,1.0,0.14705882352941177,0.25641025641025644,29,2,False,0.14705882352941177
feature_knapsack,content_01_aero_support,q03_direct,direct,1024,"['p05', 'p06', 'p07', 'p17', 'p18', 'p19', 'p28', 'p30', 'p32', 'p33']",293,0.2861328125,1.0,True,1.0,0.5,0.6666666666666666,5,2,False,0.5
budget_fill,content_01_aero_support,q04_direct,direct,128,"['p01', 'p21', 'p06', 'p33']",117,0.9140625,0.0,False,0.0,0.0,0.0,4,0,False,0.0
keyword_overlap,content_01_aero_support,q04_direct,direct,128,"['p08', 'p07', 'p31', 'p28']",113,0.8828125,1.0,True,0.5,0.75,0.8571428571428571,1,0,False,0.25
random,content_01_aero_support,q04_direct,direct,128,"['p22', 'p06', 'p29', 'p09']",121,0.9453125,0.0,False,0.0,0.0,0.0,4,0,False,0.0
feature_knapsack,content_01_aero_support,q04_direct,direct,128,"['p07', 'p08', 'p31', 'p34']",115,0.8984375,1.0,True,1.0,0.75,0.8571428571428571,1,0,False,0.25
budget_fill,content_01_aero_support,q04_direct,direct,256,"['p01', 'p21', 'p06', 'p33', 'p02', 'p17', 'p10', 'p26']",238,0.9296875,0.0,False,0.0,0.0,0.0,8,0,False,0.0
keyword_overlap,content_01_aero_support,q04_direct,direct,256,"['p08', 'p07', 'p31', 'p28', 'p34', 'p20', 'p01', 'p12', 'p27']",255,0.99609375,1.0,True,1.0,0.4444444444444444,0.6153846153846153,5,0,False,0.2222222222222222
random,content_01_aero_support,q04_direct,direct,256,"['p15', 'p02', 'p03', 'p39', 'p40', 'p20', 'p17', 'p04']",233,0.91015625,0.0,False,0.0,0.0,0.0,8,0,False,0.0
feature_knapsack,content_01_aero_support,q04_direct,direct,256,"['p07', 'p08', 'p19', 'p20', 'p28', 'p31', 'p34']",203,0.79296875,1.0,True,1.0,0.5714285714285714,0.7272727272727273,3,0,False,0.2857142857142857
budget_fill,content_01_aero_support,q04_direct,direct,512,"['p01', 'p21', 'p06', 'p33', 'p02', 'p17', 'p10', 'p26', 'p05', 'p38', 'p03', 'p18', 'p08', 'p29', 'p04', 'p15', 'p12']",495,0.966796875,1.0,True,0.0,0.058823529411764705,0.1111111111111111,16,0,False,0.05263157894736842
keyword_overlap,content_01_aero_support,q04_direct,direct,512,"['p08', 'p07', 'p31', 'p28', 'p34', 'p20', 'p01', 'p12', 'p27', 'p38', 'p02', 'p05', 'p11', 'p39', 'p04', 'p06', 'p10', 'p15']",510,0.99609375,1.0,True,1.0,0.2222222222222222,0.3636363636363636,14,0,False,0.16666666666666666
random,content_01_aero_support,q04_direct,direct,512,"['p12', 'p05', 'p14', 'p08', 'p31', 'p02', 'p04', 'p38', 'p06', 'p40', 'p26', 'p39', 'p16', 'p37', 'p09', 'p23', 'p29']",498,0.97265625,1.0,True,0.5,0.11764705882352941,0.21052631578947367,15,0,False,0.1111111111111111
feature_knapsack,content_01_aero_support,q04_direct,direct,512,"['p07', 'p08', 'p19', 'p20', 'p28', 'p31', 'p34']",203,0.396484375,1.0,True,1.0,0.5714285714285714,0.7272727272727273,3,0,False,0.42857142857142855
budget_fill,content_01_aero_support,q04_direct,direct,1024,"['p01', 'p21', 'p06', 'p33', 'p02', 'p17', 'p10', 'p26', 'p05', 'p38', 'p03', 'p18', 'p08', 'p29', 'p04', 'p15', 'p12', 'p34', 'p07', 'p22', 'p11', 'p35', 'p30', 'p16', 'p09', 'p20', 'p14', 'p24', 'p27', 'p28', 'p13', 'p19', 'p23', 'p25']",1000,0.9765625,1.0,True,0.5,0.08823529411764706,0.1621621621621622,31,0,False,0.08571428571428572
keyword_overlap,content_01_aero_support,q04_direct,direct,1024,"['p08', 'p07', 'p31', 'p28', 'p34', 'p20', 'p01', 'p12', 'p27', 'p38', 'p02', 'p05', 'p11', 'p39', 'p04', 'p06', 'p10', 'p15', 'p24', 'p09', 'p16', 'p18', 'p22', 'p23', 'p32', 'p36', 'p13', 'p21', 'p25', 'p37', 'p29', 'p35', 'p03', 'p30', 'p19']",1022,0.998046875,1.0,True,1.0,0.11428571428571428,0.20512820512820512,31,0,False,0.11428571428571428
random,content_01_aero_support,q04_direct,direct,1024,"['p13', 'p32', 'p09', 'p10', 'p35', 'p40', 'p22', 'p23', 'p33', 'p17', 'p08', 'p02', 'p04', 'p05', 'p03', 'p39', 'p27', 'p28', 'p30', 'p06', 'p18', 'p19', 'p38', 'p26', 'p31', 'p15', 'p24', 'p12', 'p14', 'p07', 'p36', 'p34', 'p29', 'p20']",999,0.9755859375,1.0,True,1.0,0.11764705882352941,0.21052631578947367,30,0,False,0.11764705882352941
feature_knapsack,content_01_aero_support,q04_direct,direct,1024,"['p07', 'p08', 'p19', 'p20', 'p28', 'p31', 'p34']",203,0.1982421875,1.0,True,1.0,0.5714285714285714,0.7272727272727273,3,0,False,0.5714285714285714
budget_fill,content_01_aero_support,q05_direct,direct,128,"['p01', 'p21', 'p06', 'p33']",117,0.9140625,0.0,False,0.0,0.0,0.0,4,0,False,0.0
keyword_overlap,content_01_aero_support,q05_direct,direct,128,"['p12', 'p11', 'p37', 'p29']",118,0.921875,1.0,True,0.5,0.5,0.6666666666666666,2,0,False,0.25
random,content_01_aero_support,q05_direct,direct,128,"['p15', 'p23', 'p24', 'p03']",115,0.8984375,1.0,True,0.0,0.25,0.4,3,0,False,0.25
feature_knapsack,content_01_aero_support,q05_direct,direct,128,"['p11', 'p12', 'p29', 'p37']",118,0.921875,1.0,True,0.5,0.5,0.6666666666666666,2,0,False,0.25
budget_fill,content_01_aero_support,q05_direct,direct,256,"['p01', 'p21', 'p06', 'p33', 'p02', 'p17', 'p10', 'p26']",238,0.9296875,0.0,False,0.0,0.0,0.0,8,0,False,0.0
keyword_overlap,content_01_aero_support,q05_direct,direct,256,"['p12', 'p11', 'p37', 'p29', 'p39', 'p02', 'p20', 'p22']",234,0.9140625,1.0,True,0.5,0.25,0.4,6,1,False,0.25
random,content_01_aero_support,q05_direct,direct,256,"['p32', 'p06', 'p25', 'p09', 'p01', 'p35', 'p18', 'p19']",239,0.93359375,0.0,False,0.0,0.0,0.0,8,0,False,0.0
feature_knapsack,content_01_aero_support,q05_direct,direct,256,"['p11', 'p12', 'p20', 'p22', 'p29', 'p37', 'p39']",206,0.8046875,1.0,True,0.5,0.2857142857142857,0.4444444444444445,5,1,False,0.2857142857142857
budget_fill,content_01_aero_support,q05_direct,direct,512,"['p01', 'p21', 'p06', 'p33', 'p02', 'p17', 'p10', 'p26', 'p05', 'p38', 'p03', 'p18', 'p08', 'p29', 'p04', 'p15', 'p12']",495,0.966796875,1.0,True,0.0,0.058823529411764705,0.1111111111111111,16,0,False,0.05
keyword_overlap,content_01_aero_support,q05_direct,direct,512,"['p12', 'p11', 'p37', 'p29', 'p39', 'p02', 'p20', 'p22', 'p01', 'p07', 'p27', 'p38', 'p05', 'p08', 'p04', 'p06', 'p10', 'p03']",512,1.0,1.0,True,0.5,0.1111111111111111,0.19999999999999998,16,1,False,0.1
random,content_01_aero_support,q05_direct,direct,512,"['p38', 'p15', 'p18', 'p39', 'p02', 'p30', 'p34', 'p04', 'p26', 'p05', 'p19', 'p16', 'p24', 'p03', 'p23', 'p20', 'p07']",491,0.958984375,1.0,True,0.5,0.11764705882352941,0.21052631578947367,15,1,False,0.10526315789473684
feature_knapsack,content_01_aero_support,q05_direct,direct,512,"['p11', 'p12', 'p20', 'p22', 'p29', 'p37', 'p39']",206,0.40234375,1.0,True,0.5,0.2857142857142857,0.4444444444444445,5,1,False,0.2222222222222222
budget_fill,content_01_aero_support,q05_direct,direct,1024,"['p01', 'p21', 'p06', 'p33', 'p02', 'p17', 'p10', 'p26', 'p05', 'p38', 'p03', 'p18', 'p08', 'p29', 'p04', 'p15', 'p12', 'p34', 'p07', 'p22', 'p11', 'p35', 'p30', 'p16', 'p09', 'p20', 'p14', 'p24', 'p27', 'p28', 'p13', 'p19', 'p23', 'p25']",1000,0.9765625,1.0,True,0.5,0.08823529411764706,0.1621621621621622,31,1,False,0.11428571428571428
keyword_overlap,content_01_aero_support,q05_direct,direct,1024,"['p12', 'p11', 'p37', 'p29', 'p39', 'p02', 'p20', 'p22', 'p01', 'p07', 'p27', 'p38', 'p05', 'p08', 'p04', 'p06', 'p10', 'p15', 'p24', 'p28', 'p31', 'p09', 'p16', 'p18', 'p23', 'p32', 'p36', 'p13', 'p21', 'p25', 'p35', 'p03', 'p30', 'p19', 'p40']",1020,0.99609375,1.0,True,1.0,0.11428571428571428,0.20512820512820512,31,1,False,0.14285714285714285
random,content_01_aero_support,q05_direct,direct,1024,"['p20', 'p22', 'p31', 'p18', 'p25', 'p17', 'p08', 'p10', 'p16', 'p35', 'p14', 'p05', 'p11', 'p32', 'p36', 'p27', 'p09', 'p24', 'p33', 'p03', 'p06', 'p37', 'p12', 'p40', 'p19', 'p30', 'p34', 'p23', 'p15', 'p07', 'p28', 'p02', 'p38', 'p04', 'p01']",1024,1.0,1.0,True,1.0,0.11428571428571428,0.20512820512820512,31,1,False,0.14285714285714285
feature_knapsack,content_01_aero_support,q05_direct,direct,1024,"['p11', 'p12', 'p20', 'p22', 'p29', 'p37', 'p39']",206,0.201171875,1.0,True,0.5,0.2857142857142857,0.4444444444444445,5,1,False,0.3333333333333333
budget_fill,content_01_aero_support,q06_two_hop,two_hop,128,"['p01', 'p21', 'p06', 'p33']",117,0.9140625,0.0,False,0.0,0.0,0.0,4,0,False,0.0
keyword_overlap,content_01_aero_support,q06_two_hop,two_hop,128,"['p03', 'p26', 'p02', 'p40']",115,0.8984375,1.0,True,0.5,0.75,0.8571428571428571,1,1,False,0.5
random,content_01_aero_support,q06_two_hop,two_hop,128,"['p01', 'p12', 'p09', 'p07']",111,0.8671875,0.0,False,0.0,0.0,0.0,4,0,False,0.0
feature_knapsack,content_01_aero_support,q06_two_hop,two_hop,128,"['p02', 'p03', 'p26', 'p40']",115,0.8984375,1.0,True,0.5,0.75,0.8571428571428571,1,1,False,0.5
budget_fill,content_01_aero_support,q06_two_hop,two_hop,256,"['p01', 'p21', 'p06', 'p33', 'p02', 'p17', 'p10', 'p26']",238,0.9296875,0.5,False,0.0,0.125,0.2,7,1,False,0.1
keyword_overlap,content_01_aero_support,q06_two_hop,two_hop,256,"['p03', 'p26', 'p02', 'p40', 'p23', 'p04', 'p25', 'p14']",237,0.92578125,1.0,True,1.0,0.5,0.6666666666666666,4,2,False,0.375
random,content_01_aero_support,q06_two_hop,two_hop,256,"['p02', 'p07', 'p36', 'p29', 'p38', 'p14', 'p33', 'p19']",235,0.91796875,0.5,False,0.0,0.125,0.2,7,1,False,0.1
feature_knapsack,content_01_aero_support,q06_two_hop,two_hop,256,"['p02', 'p03', 'p04', 'p14', 'p23', 'p25', 'p26', 'p40']",237,0.92578125,1.0,True,1.0,0.5,0.6666666666666666,4,2,False,0.375
budget_fill,content_01_aero_support,q06_two_hop,two_hop,512,"['p01', 'p21', 'p06', 'p33', 'p02', 'p17', 'p10', 'p26', 'p05', 'p38', 'p03', 'p18', 'p08', 'p29', 'p04', 'p15', 'p12']",495,0.966796875,1.0,True,0.0,0.11764705882352941,0.21052631578947367,15,1,False,0.10526315789473684
keyword_overlap,content_01_aero_support,q06_two_hop,two_hop,512,"['p03', 'p26', 'p02', 'p40', 'p23', 'p04', 'p25', 'p14', 'p29', 'p01', 'p07', 'p12', 'p27', 'p38', 'p05', 'p08', 'p11']",488,0.953125,1.0,True,1.0,0.23529411764705882,0.38095238095238093,13,2,False,0.23529411764705882
random,content_01_aero_support,q06_two_hop,two_hop,512,"['p13', 'p02', 'p33', 'p07', 'p10', 'p19', 'p09', 'p04', 'p17', 'p27', 'p26', 'p25', 'p11', 'p15', 'p08', 'p31', 'p03']",496,0.96875,1.0,True,0.5,0.17647058823529413,0.3,14,1,False,0.16666666666666666
feature_knapsack,content_01_aero_support,q06_two_hop,two_hop,512,"['p02', 'p03', 'p04', 'p14', 'p23', 'p25', 'p26', 'p40']",237,0.462890625,1.0,True,1.0,0.5,0.6666666666666666,4,2,False,0.5
budget_fill,content_01_aero_support,q06_two_hop,two_hop,1024,"['p01', 'p21', 'p06', 'p33', 'p02', 'p17', 'p10', 'p26', 'p05', 'p38', 'p03', 'p18', 'p08', 'p29', 'p04', 'p15', 'p12', 'p34', 'p07', 'p22', 'p11', 'p35', 'p30', 'p16', 'p09', 'p20', 'p14', 'p24', 'p27', 'p28', 'p13', 'p19', 'p23', 'p25']",1000,0.9765625,1.0,True,0.5,0.08823529411764706,0.1621621621621622,31,2,False,0.11428571428571428
keyword_overlap,content_01_aero_support,q06_two_hop,two_hop,1024,"['p03', 'p26', 'p02', 'p40', 'p23', 'p04', 'p25', 'p14', 'p29', 'p01', 'p07', 'p12', 'p27', 'p38', 'p05', 'p08', 'p11', 'p30', 'p39', 'p06', 'p10', 'p15', 'p19', 'p24', 'p28', 'p31', 'p09', 'p16', 'p18', 'p20', 'p22', 'p32', 'p33', 'p36', 'p13']",1018,0.994140625,1.0,True,1.0,0.11428571428571428,0.20512820512820512,31,2,False,0.14285714285714285
random,content_01_aero_support,q06_two_hop,two_hop,1024,"['p08', 'p19', 'p31', 'p18', 'p07', 'p26', 'p12', 'p37', 'p09', 'p27', 'p23', 'p32', 'p04', 'p10', 'p33', 'p24', 'p11', 'p17', 'p06', 'p38', 'p03', 'p01', 'p21', 'p25', 'p28', 'p40', 'p20', 'p39', 'p05', 'p13', 'p29', 'p15', 'p34', 'p30', 'p16']",1024,1.0,0.5,False,1.0,0.08571428571428572,0.14634146341463414,32,1,False,0.08108108108108109
feature_knapsack,content_01_aero_support,q06_two_hop,two_hop,1024,"['p02', 'p03', 'p04', 'p14', 'p23', 'p25', 'p26', 'p40']",237,0.2314453125,1.0,True,1.0,0.5,0.6666666666666666,4,2,False,0.625
budget_fill,content_01_aero_support,q07_two_hop,two_hop,128,"['p01', 'p21', 'p06', 'p33']",117,0.9140625,0.0,False,0.0,0.0,0.0,4,0,False,0.0
keyword_overlap,content_01_aero_support,q07_two_hop,two_hop,128,"['p03', 'p02', 'p40', 'p11']",112,0.875,0.6666666666666666,False,0.5,0.75,0.7058823529411765,1,0,False,0.4
random,content_01_aero_support,q07_two_hop,two_hop,128,"['p25', 'p07', 'p38', 'p32']",115,0.8984375,0.0,False,0.0,0.0,0.0,4,0,False,0.0
feature_knapsack,content_01_aero_support,q07_two_hop,two_hop,128,"['p02', 'p03', 'p26', 'p40']",115,0.8984375,0.6666666666666666,False,0.5,0.75,0.7058823529411765,1,1,False,0.4
budget_fill,content_01_aero_support,q07_two_hop,two_hop,256,"['p01', 'p21', 'p06', 'p33', 'p02', 'p17', 'p10', 'p26']",238,0.9296875,0.3333333333333333,False,0.0,0.125,0.18181818181818182,7,1,False,0.09090909090909091
keyword_overlap,content_01_aero_support,q07_two_hop,two_hop,256,"['p03', 'p02', 'p40', 'p11', 'p26', 'p04', 'p06', 'p19']",230,0.8984375,1.0,True,0.5,0.5,0.6666666666666666,4,1,False,0.5
random,content_01_aero_support,q07_two_hop,two_hop,256,"['p18', 'p02', 'p16', 'p05', 'p40', 'p32', 'p17', 'p29']",240,0.9375,0.3333333333333333,False,0.5,0.25,0.28571428571428575,6,0,False,0.2
feature_knapsack,content_01_aero_support,q07_two_hop,two_hop,256,"['p02', 'p03', 'p11', 'p14', 'p23', 'p26', 'p36', 'p40']",235,0.91796875,0.6666666666666666,False,1.0,0.5,0.5714285714285715,4,1,False,0.3333333333333333
budget_fill,content_01_aero_support,q07_two_hop,two_hop,512,"['p01', 'p21', 'p06', 'p33', 'p02', 'p17', 'p10', 'p26', 'p05', 'p38', 'p03', 'p18', 'p08', 'p29', 'p04', 'p15', 'p12']",495,0.966796875,1.0,True,0.0,0.17647058823529413,0.3,14,1,False,0.15789473684210525
keyword_overlap,content_01_aero_support,q07_two_hop,two_hop,512,"['p03', 'p02', 'p40', 'p11', 'p26', 'p04', 'p06', 'p19', 'p23', 'p25', 'p14', 'p27', 'p38', 'p05', 'p30', 'p31', 'p32']",492,0.9609375,1.0,True,1.0,0.35294117647058826,0.5217391304347826,11,1,False,0.29411764705882354
random,content_01_aero_support,q07_two_hop,two_hop,512,"['p34', 'p20', 'p16', 'p23', 'p07', 'p35', 'p11', 'p26', 'p03', 'p09', 'p02', 'p29', 'p39', 'p19', 'p22', 'p31', 'p04']",502,0.98046875,1.0,True,0.5,0.23529411764705882,0.38095238095238093,13,1,False,0.15789473684210525
feature_knapsack,content_01_aero_support,q07_two_hop,two_hop,512,"['p02', 'p03', 'p04', 'p11', 'p14', 'p23', 'p25', 'p26', 'p36', 'p40']",295,0.576171875,1.0,True,1.0,0.5,0.6666666666666666,5,1,False,0.36363636363636365
budget_fill,content_01_aero_support,q07_two_hop,two_hop,1024,"['p01', 'p21', 'p06', 'p33', 'p02', 'p17', 'p10', 'p26', 'p05', 'p38', 'p03', 'p18', 'p08', 'p29', 'p04', 'p15', 'p12', 'p34', 'p07', 'p22', 'p11', 'p35', 'p30', 'p16', 'p09', 'p20', 'p14', 'p24', 'p27', 'p28', 'p13', 'p19', 'p23', 'p25']",1000,0.9765625,1.0,True,0.5,0.14705882352941177,0.25641025641025644,29,1,False,0.14285714285714285
keyword_overlap,content_01_aero_support,q07_two_hop,two_hop,1024,"['p03', 'p02', 'p40', 'p11', 'p26', 'p04', 'p06', 'p19', 'p23', 'p25', 'p14', 'p27', 'p38', 'p05', 'p30', 'p31', 'p32', 'p33', 'p36', 'p01', 'p07', 'p12', 'p08', 'p39', 'p10', 'p15', 'p24', 'p28', 'p09', 'p16', 'p18', 'p20', 'p22', 'p13', 'p21']",1017,0.9931640625,1.0,True,1.0,0.17142857142857143,0.2926829268292683,29,1,False,0.17142857142857143
random,content_01_aero_support,q07_two_hop,two_hop,1024,"['p13', 'p15', 'p38', 'p02', 'p05', 'p29', 'p22', 'p18', 'p40', 'p08', 'p23', 'p06', 'p36', 'p30', 'p24', 'p11', 'p01', 'p34', 'p09', 'p39', 'p12', 'p17', 'p19', 'p03', 'p14', 'p21', 'p04', 'p27', 'p31', 'p33', 'p16', 'p32', 'p25', 'p10', 'p07']",1023,0.9990234375,1.0,True,1.0,0.17142857142857143,0.2926829268292683,29,0,False,0.17142857142857143
feature_knapsack,content_01_aero_support,q07_two_hop,two_hop,1024,"['p02', 'p03', 'p04', 'p11', 'p14', 'p23', 'p25', 'p26', 'p36', 'p40']",295,0.2880859375,1.0,True,1.0,0.5,0.6666666666666666,5,1,False,0.45454545454545453
budget_fill,content_01_aero_support,q08_two_hop,two_hop,128,"['p01', 'p21', 'p06', 'p33']",117,0.9140625,0.5,False,0.0,0.25,0.3333333333333333,3,1,False,0.2
keyword_overlap,content_01_aero_support,q08_two_hop,two_hop,128,"['p19', 'p06', 'p33', 'p07']",115,0.8984375,1.0,True,0.0,0.75,0.8571428571428571,1,1,False,0.5
random,content_01_aero_support,q08_two_hop,two_hop,128,"['p03', 'p24', 'p14', 'p07']",115,0.8984375,0.5,False,0.0,0.25,0.3333333333333333,3,0,False,0.2
feature_knapsack,content_01_aero_support,q08_two_hop,two_hop,128,"['p06', 'p07', 'p19', 'p33']",115,0.8984375,1.0,True,0.0,0.75,0.8571428571428571,1,1,False,0.5
budget_fill,content_01_aero_support,q08_two_hop,two_hop,256,"['p01', 'p21', 'p06', 'p33', 'p02', 'p17', 'p10', 'p26']",238,0.9296875,0.5,False,0.0,0.125,0.2,7,1,False,0.1
keyword_overlap,content_01_aero_support,q08_two_hop,two_hop,256,"['p19', 'p06', 'p33', 'p07', 'p30', 'p02', 'p05', 'p31', 'p27']",255,0.99609375,1.0,True,0.5,0.4444444444444444,0.6153846153846153,5,1,False,0.2
random,content_01_aero_support,q08_two_hop,two_hop,256,"['p36', 'p25', 'p05', 'p20', 'p24', 'p40', 'p39', 'p12']",232,0.90625,0.0,False,0.0,0.0,0.0,8,0,False,0.0
feature_knapsack,content_01_aero_support,q08_two_hop,two_hop,256,"['p05', 'p06', 'p07', 'p19', 'p30', 'p31', 'p32', 'p33']",230,0.8984375,1.0,True,0.5,0.5,0.6666666666666666,4,1,False,0.2222222222222222
budget_fill,content_01_aero_support,q08_two_hop,two_hop,512,"['p01', 'p21', 'p06', 'p33', 'p02', 'p17', 'p10', 'p26', 'p05', 'p38', 'p03', 'p18', 'p08', 'p29', 'p04', 'p15', 'p12']",495,0.966796875,0.5,False,0.5,0.11764705882352941,0.19047619047619047,15,1,False,0.10526315789473684
keyword_overlap,content_01_aero_support,q08_two_hop,two_hop,512,"['p19', 'p06', 'p33', 'p07', 'p30', 'p02', 'p05', 'p31', 'p27', 'p08', 'p39', 'p10', 'p28', 'p40', 'p32', 'p17', 'p01']",488,0.953125,1.0,True,1.0,0.35294117647058826,0.5217391304347826,11,1,False,0.23529411764705882
random,content_01_aero_support,q08_two_hop,two_hop,512,"['p13', 'p01', 'p14', 'p24', 'p11', 'p32', 'p16', 'p10', 'p05', 'p02', 'p15', 'p20', 'p27', 'p36', 'p30', 'p18', 'p29']",498,0.97265625,0.0,False,0.0,0.0,0.0,17,0,False,0.0
feature_knapsack,content_01_aero_support,q08_two_hop,two_hop,512,"['p05', 'p06', 'p07', 'p08', 'p17', 'p19', 'p30', 'p31', 'p32', 'p33']",291,0.568359375,1.0,True,1.0,0.5,0.6666666666666666,5,1,False,0.4
budget_fill,content_01_aero_support,q08_two_hop,two_hop,1024,"['p01', 'p21', 'p06', 'p33', 'p02', 'p17', 'p10', 'p26', 'p05', 'p38', 'p03', 'p18', 'p08', 'p29', 'p04', 'p15', 'p12', 'p34', 'p07', 'p22', 'p11', 'p35', 'p30', 'p16', 'p09', 'p20', 'p14', 'p24', 'p27', 'p28', 'p13', 'p19', 'p23', 'p25']",1000,0.9765625,1.0,True,0.5,0.14705882352941177,0.25641025641025644,29,2,False,0.14285714285714285
keyword_overlap,content_01_aero_support,q08_two_hop,two_hop,1024,"['p19', 'p06', 'p33', 'p07', 'p30', 'p02', 'p05', 'p31', 'p27', 'p08', 'p39', 'p10', 'p28', 'p40', 'p32', 'p17', 'p01', 'p03', 'p12', 'p38', 'p11', 'p04', 'p15', 'p24', 'p09', 'p16', 'p18', 'p20', 'p22', 'p23', 'p36', 'p13', 'p21', 'p25', 'p26']",1018,0.994140625,1.0,True,1.0,0.17142857142857143,0.2926829268292683,29,1,False,0.17142857142857143
random,content_01_aero_support,q08_two_hop,two_hop,1024,"['p30', 'p16', 'p12', 'p37', 'p36', 'p01', 'p24', 'p10', 'p38', 'p33', 'p05', 'p40', 'p29', 'p34', 'p26', 'p23', 'p39', 'p35', 'p20', 'p22', 'p25', 'p18', 'p19', 'p15', 'p27', 'p31', 'p32', 'p13', 'p04', 'p02', 'p14', 'p11', 'p28', 'p06']",1001,0.9775390625,0.5,False,1.0,0.11764705882352941,0.19047619047619047,30,2,False,0.1111111111111111
feature_knapsack,content_01_aero_support,q08_two_hop,two_hop,1024,"['p05', 'p06', 'p07', 'p08', 'p17', 'p19', 'p30', 'p31', 'p32', 'p33']",291,0.2841796875,1.0,True,1.0,0.5,0.6666666666666666,5,1,False,0.45454545454545453
budget_fill,content_01_aero_support,q09_two_hop,two_hop,128,"['p01', 'p21', 'p06', 'p33']",117,0.9140625,0.0,False,0.0,0.0,0.0,4,0,False,0.0
keyword_overlap,content_01_aero_support,q09_two_hop,two_hop,128,"['p38', 'p10', 'p09', 'p36']",116,0.90625,1.0,True,0.5,1.0,1.0,0,0,False,0.5
random,content_01_aero_support,q09_two_hop,two_hop,128,"['p30', 'p28', 'p24', 'p15']",115,0.8984375,0.0,False,0.0,0.0,0.0,4,0,False,0.0
feature_knapsack,content_01_aero_support,q09_two_hop,two_hop,128,"['p09', 'p10', 'p24', 'p38']",115,0.8984375,1.0,True,0.5,0.75,0.8571428571428571,1,0,False,0.5
budget_fill,content_01_aero_support,q09_two_hop,two_hop,256,"['p01', 'p21', 'p06', 'p33', 'p02', 'p17', 'p10', 'p26']",238,0.9296875,0.5,False,0.0,0.125,0.2,7,0,False,0.1
keyword_overlap,content_01_aero_support,q09_two_hop,two_hop,256,"['p38', 'p10', 'p09', 'p36', 'p24', 'p31', 'p22', 'p01']",231,0.90234375,1.0,True,1.0,0.625,0.7692307692307693,3,0,False,0.375
random,content_01_aero_support,q09_two_hop,two_hop,256,"['p17', 'p08', 'p03', 'p14', 'p02', 'p29', 'p27', 'p18']",237,0.92578125,0.0,False,0.0,0.0,0.0,8,1,False,0.0
feature_knapsack,content_01_aero_support,q09_two_hop,two_hop,256,"['p09', 'p10', 'p22', 'p24', 'p31', 'p36', 'p38']",204,0.796875,1.0,True,1.0,0.7142857142857143,0.8333333333333333,2,0,False,0.42857142857142855
budget_fill,content_01_aero_support,q09_two_hop,two_hop,512,"['p01', 'p21', 'p06', 'p33', 'p02', 'p17', 'p10', 'p26', 'p05', 'p38', 'p03', 'p18', 'p08', 'p29', 'p04', 'p15', 'p12']",495,0.966796875,0.5,False,0.5,0.11764705882352941,0.19047619047619047,15,1,False,0.1
keyword_overlap,content_01_aero_support,q09_two_hop,two_hop,512,"['p38', 'p10', 'p09', 'p36', 'p24', 'p31', 'p22', 'p01', 'p07', 'p12', 'p27', 'p02', 'p05', 'p08', 'p11', 'p39', 'p04', 'p06']",510,0.99609375,1.0,True,1.0,0.2777777777777778,0.4347826086956522,13,0,False,0.2777777777777778
random,content_01_aero_support,q09_two_hop,two_hop,512,"['p03', 'p22', 'p06', 'p16', 'p31', 'p36', 'p12', 'p30', 'p34', 'p40', 'p26', 'p05', 'p11', 'p28', 'p20', 'p25', 'p27']",494,0.96484375,0.5,False,0.5,0.11764705882352941,0.19047619047619047,15,0,False,0.1
feature_knapsack,content_01_aero_support,q09_two_hop,two_hop,512,"['p09', 'p10', 'p22', 'p24', 'p31', 'p36', 'p38']",204,0.3984375,1.0,True,1.0,0.7142857142857143,0.8333333333333333,2,0,False,0.7142857142857143
budget_fill,content_01_aero_support,q09_two_hop,two_hop,1024,"['p01', 'p21', 'p06', 'p33', 'p02', 'p17', 'p10', 'p26', 'p05', 'p38', 'p03', 'p18', 'p08', 'p29', 'p04', 'p15', 'p12', 'p34', 'p07', 'p22', 'p11', 'p35', 'p30', 'p16', 'p09', 'p20', 'p14', 'p24', 'p27', 'p28', 'p13', 'p19', 'p23', 'p25']",1000,0.9765625,1.0,True,1.0,0.11764705882352941,0.21052631578947367,30,1,False,0.14285714285714285
keyword_overlap,content_01_aero_support,q09_two_hop,two_hop,1024,"['p38', 'p10', 'p09', 'p36', 'p24', 'p31', 'p22', 'p01', 'p07', 'p12', 'p27', 'p02', 'p05', 'p08', 'p11', 'p39', 'p04', 'p06', 'p15', 'p28', 'p16', 'p18', 'p20', 'p23', 'p32', 'p13', 'p21', 'p25', 'p37', 'p29', 'p35', 'p03', 'p30', 'p19', 'p40']",1020,0.99609375,1.0,True,1.0,0.14285714285714285,0.25,30,1,False,0.17142857142857143
random,content_01_aero_support,q09_two_hop,two_hop,1024,"['p14', 'p29', 'p03', 'p09', 'p06', 'p40', 'p02', 'p18', 'p01', 'p05', 'p16', 'p31', 'p19', 'p21', 'p22', 'p28', 'p24', 'p04', 'p35', 'p32', 'p38', 'p27', 'p07', 'p33', 'p10', 'p30', 'p20', 'p25', 'p08', 'p13', 'p34', 'p15', 'p17', 'p23']",1002,0.978515625,1.0,True,1.0,0.11764705882352941,0.21052631578947367,30,1,False,0.14285714285714285
feature_knapsack,content_01_aero_support,q09_two_hop,two_hop,1024,"['p09', 'p10', 'p22', 'p24', 'p31', 'p36', 'p38']",204,0.19921875,1.0,True,1.0,0.7142857142857143,0.8333333333333333,2,0,False,0.625
budget_fill,content_01_aero_support,q10_two_hop,two_hop,128,"['p01', 'p21', 'p06', 'p33']",117,0.9140625,0.0,False,0.0,0.0,0.0,4,0,False,0.0
keyword_overlap,content_01_aero_support,q10_two_hop,two_hop,128,"['p37', 'p39', 'p10', 'p24']",117,0.9140625,1.0,True,0.5,0.75,0.8571428571428571,1,0,False,0.5
random,content_01_aero_support,q10_two_hop,two_hop,128,"['p10', 'p03', 'p33', 'p06']",115,0.8984375,0.0,False,0.0,0.0,0.0,4,0,False,0.0
feature_knapsack,content_01_aero_support,q10_two_hop,two_hop,128,"['p10', 'p12', 'p24', 'p37']",116,0.90625,0.5,False,0.5,0.75,0.6,1,0,False,0.2
budget_fill,content_01_aero_support,q10_two_hop,two_hop,256,"['p01', 'p21', 'p06', 'p33', 'p02', 'p17', 'p10', 'p26']",238,0.9296875,0.0,False,0.0,0.0,0.0,8,0,False,0.0
keyword_overlap,content_01_aero_support,q10_two_hop,two_hop,256,"['p37', 'p39', 'p10', 'p24', 'p01', 'p12', 'p02', 'p11', 'p04']",256,1.0,1.0,True,0.5,0.5555555555555556,0.7142857142857143,4,0,False,0.3333333333333333
random,content_01_aero_support,q10_two_hop,two_hop,256,"['p40', 'p39', 'p28', 'p31', 'p12', 'p06', 'p10', 'p38', 'p27']",254,0.9921875,1.0,True,0.0,0.2222222222222222,0.3636363636363636,7,0,False,0.09090909090909091
feature_knapsack,content_01_aero_support,q10_two_hop,two_hop,256,"['p10', 'p11', 'p12', 'p22', 'p24', 'p29', 'p37', 'p39']",234,0.9140625,1.0,True,0.5,0.625,0.7692307692307693,3,0,False,0.375
budget_fill,content_01_aero_support,q10_two_hop,two_hop,512,"['p01', 'p21', 'p06', 'p33', 'p02', 'p17', 'p10', 'p26', 'p05', 'p38', 'p03', 'p18', 'p08', 'p29', 'p04', 'p15', 'p12']",495,0.966796875,0.5,False,0.0,0.058823529411764705,0.10526315789473684,16,0,False,0.047619047619047616
keyword_overlap,content_01_aero_support,q10_two_hop,two_hop,512,"['p37', 'p39', 'p10', 'p24', 'p01', 'p12', 'p02', 'p11', 'p04', 'p28', 'p18', 'p20', 'p22', 'p36', 'p13', 'p21', 'p29']",499,0.974609375,1.0,True,0.5,0.29411764705882354,0.45454545454545453,12,1,False,0.29411764705882354
random,content_01_aero_support,q10_two_hop,two_hop,512,"['p27', 'p36', 'p39', 'p40', 'p11', 'p28', 'p22', 'p03', 'p23', 'p06', 'p05', 'p37', 'p02', 'p07', 'p12', 'p14', 'p10']",489,0.955078125,1.0,True,0.5,0.23529411764705882,0.38095238095238093,13,0,False,0.2222222222222222
feature_knapsack,content_01_aero_support,q10_two_hop,two_hop,512,"['p09', 'p10', 'p11', 'p12', 'p22', 'p24', 'p29', 'p36', 'p37', 'p39']",294,0.57421875,1.0,True,0.5,0.5,0.6666666666666666,5,0,False,0.5
budget_fill,content_01_aero_support,q10_two_hop,two_hop,1024,"['p01', 'p21', 'p06', 'p33', 'p02', 'p17', 'p10', 'p26', 'p05', 'p38', 'p03', 'p18', 'p08', 'p29', 'p04', 'p15', 'p12', 'p34', 'p07', 'p22', 'p11', 'p35', 'p30', 'p16', 'p09', 'p20', 'p14', 'p24', 'p27', 'p28', 'p13', 'p19', 'p23', 'p25']",1000,0.9765625,1.0,True,0.5,0.11764705882352941,0.21052631578947367,30,1,False,0.1111111111111111
keyword_overlap,content_01_aero_support,q10_two_hop,two_hop,1024,"['p37', 'p39', 'p10', 'p24', 'p01', 'p12', 'p02', 'p11', 'p04', 'p28', 'p18', 'p20', 'p22', 'p36', 'p13', 'p21', 'p29', 'p35', 'p07', 'p27', 'p38', 'p05', 'p08', 'p06', 'p15', 'p31', 'p09', 'p16', 'p23', 'p32', 'p25', 'p26', 'p14', 'p17']",1003,0.9794921875,1.0,True,0.5,0.14705882352941177,0.25641025641025644,29,1,False,0.14285714285714285
random,content_01_aero_support,q10_two_hop,two_hop,1024,"['p40', 'p15', 'p12', 'p03', 'p20', 'p39', 'p32', 'p18', 'p27', 'p01', 'p25', 'p34', 'p05', 'p22', 'p08', 'p31', 'p13', 'p14', 'p36', 'p23', 'p17', 'p21', 'p37', 'p07', 'p33', 'p29', 'p04', 'p24', 'p16', 'p02', 'p06', 'p30', 'p28', 'p09']",1000,0.9765625,1.0,True,1.0,0.14705882352941177,0.25641025641025644,29,1,False,0.14285714285714285
feature_knapsack,content_01_aero_support,q10_two_hop,two_hop,1024,"['p09', 'p10', 'p11', 'p12', 'p22', 'p24', 'p29', 'p36', 'p37', 'p39']",294,0.287109375,1.0,True,0.5,0.5,0.6666666666666666,5,0,False,0.45454545454545453
budget_fill,content_01_aero_support,q11_three_hop,three_hop,128,"['p01', 'p21', 'p06', 'p33']",117,0.9140625,0.0,False,0.0,0.0,0.0,4,0,False,0.0
keyword_overlap,content_01_aero_support,q11_three_hop,three_hop,128,"['p04', 'p02', 'p27', 'p40']",113,0.8828125,0.6666666666666666,False,0.5,1.0,0.8,0,0,False,0.4
random,content_01_aero_support,q11_three_hop,three_hop,128,"['p30', 'p12', 'p40', 'p17']",117,0.9140625,0.0,False,0.5,0.25,0.0,3,0,False,0.0
feature_knapsack,content_01_aero_support,q11_three_hop,three_hop,128,"['p02', 'p04', 'p27', 'p40']",113,0.8828125,0.6666666666666666,False,0.5,1.0,0.8,0,0,False,0.4
budget_fill,content_01_aero_support,q11_three_hop,three_hop,256,"['p01', 'p21', 'p06', 'p33', 'p02', 'p17', 'p10', 'p26']",238,0.9296875,0.3333333333333333,False,0.0,0.125,0.18181818181818182,7,1,False,0.09090909090909091
keyword_overlap,content_01_aero_support,q11_three_hop,three_hop,256,"['p04', 'p02', 'p27', 'p40', 'p14', 'p23', 'p37', 'p01']",233,0.91015625,0.6666666666666666,False,1.0,0.625,0.6451612903225806,3,1,False,0.3333333333333333
random,content_01_aero_support,q11_three_hop,three_hop,256,"['p13', 'p33', 'p20', 'p17', 'p40', 'p24', 'p03', 'p02']",237,0.92578125,0.6666666666666666,False,0.5,0.375,0.4800000000000001,5,0,False,0.3333333333333333
feature_knapsack,content_01_aero_support,q11_three_hop,three_hop,256,"['p02', 'p03', 'p04', 'p14', 'p23', 'p27', 'p37', 'p40']",233,0.91015625,1.0,True,1.0,0.75,0.8571428571428571,2,1,False,0.5
budget_fill,content_01_aero_support,q11_three_hop,three_hop,512,"['p01', 'p21', 'p06', 'p33', 'p02', 'p17', 'p10', 'p26', 'p05', 'p38', 'p03', 'p18', 'p08', 'p29', 'p04', 'p15', 'p12']",495,0.966796875,1.0,True,0.0,0.17647058823529413,0.3,14,1,False,0.15789473684210525
keyword_overlap,content_01_aero_support,q11_three_hop,three_hop,512,"['p04', 'p02', 'p27', 'p40', 'p14', 'p23', 'p37', 'p01', 'p15', 'p24', 'p28', 'p16', 'p18', 'p20', 'p25', 'p03', 'p07']",495,0.966796875,1.0,True,1.0,0.35294117647058826,0.5217391304347826,11,1,False,0.29411764705882354
random,content_01_aero_support,q11_three_hop,three_hop,512,"['p16', 'p33', 'p20', 'p26', 'p35', 'p24', 'p27', 'p30', 'p21', 'p09', 'p11', 'p13', 'p23', 'p03', 'p17', 'p38', 'p34']",506,0.98828125,0.6666666666666666,False,0.5,0.17647058823529413,0.27906976744186046,14,1,False,0.1
feature_knapsack,content_01_aero_support,q11_three_hop,three_hop,512,"['p02', 'p03', 'p04', 'p14', 'p20', 'p23', 'p26', 'p27', 'p37', 'p40']",294,0.57421875,1.0,True,1.0,0.6,0.7499999999999999,4,2,False,0.5
budget_fill,content_01_aero_support,q11_three_hop,three_hop,1024,"['p01', 'p21', 'p06', 'p33', 'p02', 'p17', 'p10', 'p26', 'p05', 'p38', 'p03', 'p18', 'p08', 'p29', 'p04', 'p15', 'p12', 'p34', 'p07', 'p22', 'p11', 'p35', 'p30', 'p16', 'p09', 'p20', 'p14', 'p24', 'p27', 'p28', 'p13', 'p19', 'p23', 'p25']",1000,0.9765625,1.0,True,0.5,0.14705882352941177,0.25641025641025644,29,2,False,0.14285714285714285
keyword_overlap,content_01_aero_support,q11_three_hop,three_hop,1024,"['p04', 'p02', 'p27', 'p40', 'p14', 'p23', 'p37', 'p01', 'p15', 'p24', 'p28', 'p16', 'p18', 'p20', 'p25', 'p03', 'p07', 'p12', 'p38', 'p05', 'p08', 'p11', 'p39', 'p06', 'p10', 'p31', 'p09', 'p22', 'p32', 'p36', 'p13', 'p21', 'p26', 'p34', 'p29']",1024,1.0,1.0,True,1.0,0.17142857142857143,0.2926829268292683,29,2,False,0.17142857142857143
random,content_01_aero_support,q11_three_hop,three_hop,1024,"['p12', 'p19', 'p33', 'p29', 'p25', 'p07', 'p30', 'p06', 'p26', 'p02', 'p03', 'p34', 'p20', 'p39', 'p28', 'p24', 'p09', 'p38', 'p15', 'p01', 'p16', 'p05', 'p37', 'p04', 'p31', 'p27', 'p35', 'p32', 'p11', 'p40', 'p08', 'p36', 'p21', 'p13', 'p22']",1023,0.9990234375,1.0,True,0.5,0.14285714285714285,0.25,30,1,False,0.1388888888888889
feature_knapsack,content_01_aero_support,q11_three_hop,three_hop,1024,"['p02', 'p03', 'p04', 'p14', 'p20', 'p23', 'p26', 'p27', 'p37', 'p40']",294,0.287109375,1.0,True,1.0,0.6,0.7499999999999999,4,2,False,0.6
budget_fill,content_01_aero_support,q12_three_hop,three_hop,128,"['p01', 'p21', 'p06', 'p33']",117,0.9140625,0.25,False,0.0,0.25,0.25,3,1,False,0.14285714285714285
keyword_overlap,content_01_aero_support,q12_three_hop,three_hop,128,"['p07', 'p31', 'p06', 'p19']",114,0.890625,0.75,False,0.0,1.0,0.8571428571428571,0,0,False,0.6
random,content_01_aero_support,q12_three_hop,three_hop,128,"['p14', 'p16', 'p03', 'p23']",119,0.9296875,0.0,False,0.0,0.0,0.0,4,0,False,0.0
feature_knapsack,content_01_aero_support,q12_three_hop,three_hop,128,"['p06', 'p08', 'p19', 'p31']",115,0.8984375,0.75,False,0.0,1.0,0.8571428571428571,0,0,False,0.6
budget_fill,content_01_aero_support,q12_three_hop,three_hop,256,"['p01', 'p21', 'p06', 'p33', 'p02', 'p17', 'p10', 'p26']",238,0.9296875,0.25,False,0.0,0.125,0.16666666666666666,7,1,False,0.08333333333333333
keyword_overlap,content_01_aero_support,q12_three_hop,three_hop,256,"['p07', 'p31', 'p06', 'p19', 'p28', 'p33', 'p27', 'p02', 'p08']",256,1.0,1.0,True,0.0,0.6666666666666666,0.8,3,1,False,0.4
random,content_01_aero_support,q12_three_hop,three_hop,256,"['p27', 'p25', 'p24', 'p36', 'p39', 'p13', 'p01', 'p09']",233,0.91015625,0.0,False,0.0,0.0,0.0,8,0,False,0.0
feature_knapsack,content_01_aero_support,q12_three_hop,three_hop,256,"['p06', 'p07', 'p08', 'p19', 'p24', 'p28', 'p31', 'p33']",230,0.8984375,1.0,True,0.0,0.75,0.8571428571428571,2,1,False,0.4444444444444444
budget_fill,content_01_aero_support,q12_three_hop,three_hop,512,"['p01', 'p21', 'p06', 'p33', 'p02', 'p17', 'p10', 'p26', 'p05', 'p38', 'p03', 'p18', 'p08', 'p29', 'p04', 'p15', 'p12']",495,0.966796875,0.5,False,0.0,0.11764705882352941,0.19047619047619047,15,1,False,0.09523809523809523
keyword_overlap,content_01_aero_support,q12_three_hop,three_hop,512,"['p07', 'p31', 'p06', 'p19', 'p28', 'p33', 'p27', 'p02', 'p08', 'p24', 'p20', 'p22', 'p23', 'p01', 'p12', 'p38', 'p05', 'p11']",512,1.0,1.0,True,0.0,0.3333333333333333,0.5,12,1,False,0.3333333333333333
random,content_01_aero_support,q12_three_hop,three_hop,512,"['p07', 'p36', 'p19', 'p23', 'p35', 'p10', 'p08', 'p33', 'p04', 'p25', 'p40', 'p26', 'p12', 'p27', 'p06', 'p31', 'p16']",498,0.97265625,1.0,True,0.0,0.29411764705882354,0.45454545454545453,12,1,False,0.2777777777777778
feature_knapsack,content_01_aero_support,q12_three_hop,three_hop,512,"['p06', 'p07', 'p08', 'p19', 'p24', 'p28', 'p31', 'p33', 'p34']",261,0.509765625,1.0,True,0.0,0.6666666666666666,0.8,3,2,False,0.6666666666666666
budget_fill,content_01_aero_support,q12_three_hop,three_hop,1024,"['p01', 'p21', 'p06', 'p33', 'p02', 'p17', 'p10', 'p26', 'p05', 'p38', 'p03', 'p18', 'p08', 'p29', 'p04', 'p15', 'p12', 'p34', 'p07', 'p22', 'p11', 'p35', 'p30', 'p16', 'p09', 'p20', 'p14', 'p24', 'p27', 'p28', 'p13', 'p19', 'p23', 'p25']",1000,0.9765625,0.75,False,0.0,0.14705882352941177,0.2459016393442623,29,2,False,0.1388888888888889
keyword_overlap,content_01_aero_support,q12_three_hop,three_hop,1024,"['p07', 'p31', 'p06', 'p19', 'p28', 'p33', 'p27', 'p02', 'p08', 'p24', 'p20', 'p22', 'p23', 'p01', 'p12', 'p38', 'p05', 'p11', 'p30', 'p39', 'p04', 'p10', 'p15', 'p40', 'p09', 'p16', 'p18', 'p32', 'p36', 'p13', 'p21', 'p25', 'p34', 'p37', 'p29']",1021,0.9970703125,1.0,True,1.0,0.2,0.33333333333333337,28,2,False,0.2
random,content_01_aero_support,q12_three_hop,three_hop,1024,"['p25', 'p29', 'p32', 'p15', 'p38', 'p26', 'p13', 'p20', 'p37', 'p02', 'p06', 'p09', 'p04', 'p30', 'p10', 'p19', 'p18', 'p14', 'p39', 'p27', 'p03', 'p01', 'p31', 'p16', 'p11', 'p21', 'p07', 'p05', 'p40', 'p17', 'p08', 'p33', 'p34', 'p28']",998,0.974609375,1.0,True,1.0,0.20588235294117646,0.34146341463414637,27,2,False,0.20588235294117646
feature_knapsack,content_01_aero_support,q12_three_hop,three_hop,1024,"['p06', 'p07', 'p08', 'p19', 'p24', 'p28', 'p31', 'p33', 'p34']",261,0.2548828125,1.0,True,0.0,0.6666666666666666,0.8,3,2,False,0.6
budget_fill,content_01_aero_support,q13_three_hop,three_hop,128,"['p01', 'p21', 'p06', 'p33']",117,0.9140625,0.0,False,0.0,0.0,0.0,4,0,False,0.0
keyword_overlap,content_01_aero_support,q13_three_hop,three_hop,128,"['p10', 'p38', 'p09', 'p01']",113,0.8828125,0.5,False,0.5,0.75,0.6,1,0,False,0.3333333333333333
random,content_01_aero_support,q13_three_hop,three_hop,128,"['p04', 'p33', 'p20', 'p14']",121,0.9453125,0.0,False,0.0,0.0,0.0,4,1,False,0.0
feature_knapsack,content_01_aero_support,q13_three_hop,three_hop,128,"['p09', 'p10', 'p22', 'p37']",120,0.9375,0.5,False,0.5,0.75,0.6,1,1,False,0.3333333333333333
budget_fill,content_01_aero_support,q13_three_hop,three_hop,256,"['p01', 'p21', 'p06', 'p33', 'p02', 'p17', 'p10', 'p26']",238,0.9296875,0.25,False,0.0,0.125,0.16666666666666666,7,0,False,0.08333333333333333
keyword_overlap,content_01_aero_support,q13_three_hop,three_hop,256,"['p10', 'p38', 'p09', 'p01', 'p24', 'p22', 'p36', 'p37']",233,0.91015625,0.75,False,1.0,0.75,0.75,2,1,False,0.4444444444444444
random,content_01_aero_support,q13_three_hop,three_hop,256,"['p10', 'p18', 'p19', 'p12', 'p25', 'p14', 'p24', 'p27']",234,0.9140625,0.5,False,0.0,0.375,0.42857142857142855,5,0,False,0.18181818181818182
feature_knapsack,content_01_aero_support,q13_three_hop,three_hop,256,"['p09', 'p10', 'p22', 'p24', 'p28', 'p36', 'p37', 'p38']",235,0.91796875,0.75,False,1.0,0.75,0.75,2,1,False,0.4444444444444444
budget_fill,content_01_aero_support,q13_three_hop,three_hop,512,"['p01', 'p21', 'p06', 'p33', 'p02', 'p17', 'p10', 'p26', 'p05', 'p38', 'p03', 'p18', 'p08', 'p29', 'p04', 'p15', 'p12']",495,0.966796875,0.5,False,0.5,0.17647058823529413,0.2608695652173913,14,1,False,0.09090909090909091
keyword_overlap,content_01_aero_support,q13_three_hop,three_hop,512,"['p10', 'p38', 'p09', 'p01', 'p24', 'p22', 'p36', 'p37', 'p12', 'p02', 'p04', 'p28', 'p31', 'p18', 'p21', 'p29', 'p35']",501,0.978515625,0.75,False,1.0,0.4117647058823529,0.5316455696202532,10,2,False,0.2631578947368421
random,content_01_aero_support,q13_three_hop,three_hop,512,"['p19', 'p30', 'p33', 'p37', 'p24', 'p14', 'p25', 'p11', 'p17', 'p18', 'p08', 'p10', 'p06', 'p28', 'p02', 'p15', 'p04']",502,0.98046875,0.75,False,0.5,0.23529411764705882,0.3582089552238805,13,0,False,0.14285714285714285
feature_knapsack,content_01_aero_support,q13_three_hop,three_hop,512,"['p09', 'p10', 'p12', 'p22', 'p24', 'p28', 'p36', 'p37', 'p38']",262,0.51171875,0.75,False,1.0,0.7777777777777778,0.7636363636363638,2,1,False,0.45454545454545453
budget_fill,content_01_aero_support,q13_three_hop,three_hop,1024,"['p01', 'p21', 'p06', 'p33', 'p02', 'p17', 'p10', 'p26', 'p05', 'p38', 'p03', 'p18', 'p08', 'p29', 'p04', 'p15', 'p12', 'p34', 'p07', 'p22', 'p11', 'p35', 'p30', 'p16', 'p09', 'p20', 'p14', 'p24', 'p27', 'p28', 'p13', 'p19', 'p23', 'p25']",1000,0.9765625,1.0,True,0.5,0.17647058823529413,0.3,28,3,False,0.16216216216216217
keyword_overlap,content_01_aero_support,q13_three_hop,three_hop,1024,"['p10', 'p38', 'p09', 'p01', 'p24', 'p22', 'p36', 'p37', 'p12', 'p02', 'p04', 'p28', 'p31', 'p18', 'p21', 'p29', 'p35', 'p07', 'p27', 'p05', 'p08', 'p11', 'p39', 'p06', 'p15', 'p16', 'p20', 'p23', 'p32', 'p13', 'p25', 'p17', 'p03', 'p30', 'p19']",1024,1.0,1.0,True,1.0,0.2571428571428571,0.40909090909090906,26,3,False,0.2571428571428571
random,content_01_aero_support,q13_three_hop,three_hop,1024,"['p31', 'p38', 'p17', 'p25', 'p20', 'p10', 'p04', 'p33', 'p35', 'p40', 'p08', 'p19', 'p28', 'p32', 'p22', 'p21', 'p05', 'p34', 'p07', 'p30', 'p27', 'p15', 'p09', 'p13', 'p11', 'p01', 'p02', 'p29', 'p03', 'p18', 'p23', 'p14', 'p16', 'p36']",1002,0.978515625,0.75,False,0.5,0.14705882352941177,0.2459016393442623,29,3,False,0.13157894736842105
feature_knapsack,content_01_aero_support,q13_three_hop,three_hop,1024,"['p09', 'p10', 'p12', 'p22', 'p24', 'p28', 'p36', 'p37', 'p38']",262,0.255859375,0.75,False,1.0,0.7777777777777778,0.7636363636363638,2,1,False,0.6363636363636364
budget_fill,content_01_aero_support,q14_three_hop,three_hop,128,"['p01', 'p21', 'p06', 'p33']",117,0.9140625,0.25,False,0.0,0.25,0.25,3,1,False,0.14285714285714285
keyword_overlap,content_01_aero_support,q14_three_hop,three_hop,128,"['p06', 'p19', 'p07', 'p05']",113,0.8828125,0.75,False,0.0,1.0,0.8571428571428571,0,0,False,0.6
random,content_01_aero_support,q14_three_hop,three_hop,128,"['p01', 'p33', 'p32', 'p30']",115,0.8984375,0.0,False,0.5,0.25,0.0,3,1,False,0.0
feature_knapsack,content_01_aero_support,q14_three_hop,three_hop,128,"['p06', 'p07', 'p08', 'p19']",113,0.8828125,0.75,False,0.0,1.0,0.8571428571428571,0,0,False,0.6
budget_fill,content_01_aero_support,q14_three_hop,three_hop,256,"['p01', 'p21', 'p06', 'p33', 'p02', 'p17', 'p10', 'p26']",238,0.9296875,0.25,False,0.0,0.125,0.16666666666666666,7,2,False,0.08333333333333333
keyword_overlap,content_01_aero_support,q14_three_hop,three_hop,256,"['p06', 'p19', 'p07', 'p05', 'p31', 'p33', 'p38', 'p08', 'p11']",255,0.99609375,1.0,True,0.5,0.6666666666666666,0.8,3,1,False,0.5555555555555556
random,content_01_aero_support,q14_three_hop,three_hop,256,"['p10', 'p14', 'p25', 'p36', 'p11', 'p30', 'p01', 'p17']",238,0.9296875,0.0,False,0.0,0.0,0.0,8,1,False,0.0
feature_knapsack,content_01_aero_support,q14_three_hop,three_hop,256,"['p05', 'p06', 'p07', 'p08', 'p19', 'p31', 'p32', 'p33']",230,0.8984375,1.0,True,1.0,0.875,0.9333333333333333,1,1,False,0.625
budget_fill,content_01_aero_support,q14_three_hop,three_hop,512,"['p01', 'p21', 'p06', 'p33', 'p02', 'p17', 'p10', 'p26', 'p05', 'p38', 'p03', 'p18', 'p08', 'p29', 'p04', 'p15', 'p12']",495,0.966796875,0.75,False,0.0,0.17647058823529413,0.2857142857142857,14,2,False,0.14285714285714285
keyword_overlap,content_01_aero_support,q14_three_hop,three_hop,512,"['p06', 'p19', 'p07', 'p05', 'p31', 'p33', 'p38', 'p08', 'p11', 'p32', 'p27', 'p02', 'p30', 'p28', 'p40', 'p20', 'p23']",486,0.94921875,1.0,True,1.0,0.47058823529411764,0.6399999999999999,9,1,False,0.4117647058823529
random,content_01_aero_support,q14_three_hop,three_hop,512,"['p16', 'p04', 'p24', 'p06', 'p25', 'p20', 'p17', 'p40', 'p32', 'p18', 'p39', 'p21', 'p13', 'p02', 'p10', 'p09', 'p01']",504,0.984375,0.25,False,0.5,0.11764705882352941,0.15999999999999998,15,1,False,0.043478260869565216
feature_knapsack,content_01_aero_support,q14_three_hop,three_hop,512,"['p05', 'p06', 'p07', 'p08', 'p11', 'p19', 'p31', 'p32', 'p33', 'p34']",289,0.564453125,1.0,True,1.0,0.7,0.8235294117647058,3,2,False,0.5454545454545454
budget_fill,content_01_aero_support,q14_three_hop,three_hop,1024,"['p01', 'p21', 'p06', 'p33', 'p02', 'p17', 'p10', 'p26', 'p05', 'p38', 'p03', 'p18', 'p08', 'p29', 'p04', 'p15', 'p12', 'p34', 'p07', 'p22', 'p11', 'p35', 'p30', 'p16', 'p09', 'p20', 'p14', 'p24', 'p27', 'p28', 'p13', 'p19', 'p23', 'p25']",1000,0.9765625,1.0,True,0.0,0.17647058823529413,0.3,28,3,False,0.16666666666666666
keyword_overlap,content_01_aero_support,q14_three_hop,three_hop,1024,"['p06', 'p19', 'p07', 'p05', 'p31', 'p33', 'p38', 'p08', 'p11', 'p32', 'p27', 'p02', 'p30', 'p28', 'p40', 'p20', 'p23', 'p01', 'p12', 'p39', 'p04', 'p10', 'p15', 'p24', 'p09', 'p16', 'p18', 'p22', 'p36', 'p13', 'p21', 'p25', 'p34', 'p37', 'p29']",1021,0.9970703125,1.0,True,1.0,0.22857142857142856,0.3720930232558139,27,2,False,0.22857142857142856
random,content_01_aero_support,q14_three_hop,three_hop,1024,"['p35', 'p24', 'p13', 'p12', 'p10', 'p22', 'p25', 'p07', 'p38', 'p39', 'p30', 'p28', 'p16', 'p34', 'p04', 'p21', 'p36', 'p19', 'p11', 'p15', 'p02', 'p27', 'p06', 'p31', 'p03', 'p37', 'p20', 'p40', 'p18', 'p09', 'p32', 'p23', 'p33', 'p08', 'p01']",1021,0.9970703125,0.75,False,1.0,0.2,0.31578947368421056,28,2,False,0.19444444444444445
feature_knapsack,content_01_aero_support,q14_three_hop,three_hop,1024,"['p05', 'p06', 'p07', 'p08', 'p11', 'p19', 'p31', 'p32', 'p33', 'p34']",289,0.2822265625,1.0,True,1.0,0.7,0.8235294117647058,3,2,False,0.6363636363636364
budget_fill,content_01_aero_support,q15_three_hop,three_hop,128,"['p01', 'p21', 'p06', 'p33']",117,0.9140625,0.0,False,0.0,0.0,0.0,4,0,False,0.0
keyword_overlap,content_01_aero_support,q15_three_hop,three_hop,128,"['p10', 'p24', 'p38', 'p09']",115,0.8984375,0.75,False,0.5,1.0,0.8571428571428571,0,0,False,0.6
random,content_01_aero_support,q15_three_hop,three_hop,128,"['p23', 'p20', 'p25', 'p26']",122,0.953125,0.0,False,0.0,0.0,0.0,4,0,False,0.0
feature_knapsack,content_01_aero_support,q15_three_hop,three_hop,128,"['p09', 'p10', 'p24', 'p38']",115,0.8984375,0.75,False,0.5,1.0,0.8571428571428571,0,0,False,0.6
budget_fill,content_01_aero_support,q15_three_hop,three_hop,256,"['p01', 'p21', 'p06', 'p33', 'p02', 'p17', 'p10', 'p26']",238,0.9296875,0.25,False,0.0,0.125,0.16666666666666666,7,0,False,0.08333333333333333
keyword_overlap,content_01_aero_support,q15_three_hop,three_hop,256,"['p10', 'p24', 'p38', 'p09', 'p36', 'p01', 'p02', 'p11', 'p39']",256,1.0,1.0,True,0.5,0.7777777777777778,0.8750000000000001,2,0,False,0.5555555555555556
random,content_01_aero_support,q15_three_hop,three_hop,256,"['p04', 'p28', 'p40', 'p05', 'p18', 'p10', 'p37', 'p25']",236,0.921875,0.25,False,0.0,0.125,0.16666666666666666,7,0,False,0.08333333333333333
feature_knapsack,content_01_aero_support,q15_three_hop,three_hop,256,"['p09', 'p10', 'p22', 'p24', 'p36', 'p37', 'p38', 'p39']",234,0.9140625,1.0,True,0.5,0.75,0.8571428571428571,2,1,False,0.625
budget_fill,content_01_aero_support,q15_three_hop,three_hop,512,"['p01', 'p21', 'p06', 'p33', 'p02', 'p17', 'p10', 'p26', 'p05', 'p38', 'p03', 'p18', 'p08', 'p29', 'p04', 'p15', 'p12']",495,0.966796875,0.25,False,1.0,0.17647058823529413,0.20689655172413793,14,1,False,0.09090909090909091
keyword_overlap,content_01_aero_support,q15_three_hop,three_hop,512,"['p10', 'p24', 'p38', 'p09', 'p36', 'p01', 'p02', 'p11', 'p39', 'p04', 'p28', 'p31', 'p22', 'p37', 'p07', 'p12', 'p27', 'p03']",512,1.0,1.0,True,1.0,0.4444444444444444,0.6153846153846153,10,1,False,0.3888888888888889
random,content_01_aero_support,q15_three_hop,three_hop,512,"['p40', 'p28', 'p10', 'p03', 'p17', 'p06', 'p18', 'p11', 'p26', 'p15', 'p14', 'p22', 'p29', 'p08', 'p27', 'p13', 'p21']",505,0.986328125,0.5,False,0.0,0.11764705882352941,0.19047619047619047,15,2,False,0.09090909090909091
feature_knapsack,content_01_aero_support,q15_three_hop,three_hop,512,"['p09', 'p10', 'p11', 'p22', 'p24', 'p28', 'p36', 'p37', 'p38', 'p39']",291,0.568359375,1.0,True,0.5,0.7,0.8235294117647058,3,1,False,0.5454545454545454
budget_fill,content_01_aero_support,q15_three_hop,three_hop,1024,"['p01', 'p21', 'p06', 'p33', 'p02', 'p17', 'p10', 'p26', 'p05', 'p38', 'p03', 'p18', 'p08', 'p29', 'p04', 'p15', 'p12', 'p34', 'p07', 'p22', 'p11', 'p35', 'p30', 'p16', 'p09', 'p20', 'p14', 'p24', 'p27', 'p28', 'p13', 'p19', 'p23', 'p25']",1000,0.9765625,1.0,True,1.0,0.17647058823529413,0.3,28,3,False,0.16666666666666666
keyword_overlap,content_01_aero_support,q15_three_hop,three_hop,1024,"['p10', 'p24', 'p38', 'p09', 'p36', 'p01', 'p02', 'p11', 'p39', 'p04', 'p28', 'p31', 'p22', 'p37', 'p07', 'p12', 'p27', 'p05', 'p08', 'p06', 'p15', 'p16', 'p18', 'p20', 'p23', 'p32', 'p13', 'p21', 'p25', 'p29', 'p35', 'p03', 'p30', 'p19', 'p40']",1020,0.99609375,1.0,True,1.0,0.22857142857142856,0.3720930232558139,27,3,False,0.22857142857142856
random,content_01_aero_support,q15_three_hop,three_hop,1024,"['p25', 'p14', 'p15', 'p08', 'p02', 'p24', 'p10', 'p06', 'p27', 'p17', 'p21', 'p37', 'p07', 'p32', 'p28', 'p35', 'p39', 'p12', 'p13', 'p11', 'p03', 'p18', 'p19', 'p36', 'p04', 'p09', 'p05', 'p23', 'p40', 'p22', 'p20', 'p01', 'p30', 'p26']",998,0.974609375,1.0,True,0.5,0.20588235294117646,0.34146341463414637,27,2,False,0.2
feature_knapsack,content_01_aero_support,q15_three_hop,three_hop,1024,"['p09', 'p10', 'p11', 'p22', 'p24', 'p28', 'p36', 'p37', 'p38', 'p39']",291,0.2841796875,1.0,True,0.5,0.7,0.8235294117647058,3,1,False,0.6363636363636364
budget_fill,content_02_clinic_access,c_q01_direct,direct,128,"['c01', 'c02', 'c03', 'c04']",115,0.8984375,1.0,True,1.0,0.75,0.8571428571428571,1,1,False,0.75
keyword_overlap,content_02_clinic_access,c_q01_direct,direct,128,"['c04', 'c24', 'c01', 'c29']",115,0.8984375,0.5,False,0.0,0.25,0.3333333333333333,3,1,False,0.2
random,content_02_clinic_access,c_q01_direct,direct,128,"['c12', 'c07', 'c25', 'c13']",115,0.8984375,0.0,False,0.0,0.0,0.0,4,0,False,0.0
feature_knapsack,content_02_clinic_access,c_q01_direct,direct,128,"['c04', 'c13', 'c15', 'c24']",119,0.9296875,0.0,False,0.0,0.0,0.0,4,1,False,0.0
budget_fill,content_02_clinic_access,c_q01_direct,direct,256,"['c01', 'c02', 'c03', 'c04', 'c05', 'c06', 'c07', 'c08', 'c13']",256,1.0,1.0,True,1.0,0.3333333333333333,0.5,6,1,False,0.3333333333333333
keyword_overlap,content_02_clinic_access,c_q01_direct,direct,256,"['c04', 'c24', 'c01', 'c29', 'c09', 'c33', 'c07', 'c16']",231,0.90234375,0.5,False,0.0,0.125,0.2,7,1,False,0.1
random,content_02_clinic_access,c_q01_direct,direct,256,"['c28', 'c22', 'c14', 'c27', 'c10', 'c13', 'c36', 'c34']",235,0.91796875,0.0,False,0.0,0.0,0.0,8,0,False,0.0
feature_knapsack,content_02_clinic_access,c_q01_direct,direct,256,"['c02', 'c03', 'c04', 'c13', 'c15', 'c16', 'c24', 'c35']",237,0.92578125,0.5,False,1.0,0.25,0.3333333333333333,6,1,False,0.2222222222222222
budget_fill,content_02_clinic_access,c_q01_direct,direct,512,"['c01', 'c02', 'c03', 'c04', 'c05', 'c06', 'c07', 'c08', 'c09', 'c10', 'c11', 'c12', 'c13', 'c14', 'c15', 'c16', 'c17']",495,0.966796875,1.0,True,1.0,0.17647058823529413,0.3,14,1,False,0.17647058823529413
keyword_overlap,content_02_clinic_access,c_q01_direct,direct,512,"['c04', 'c24', 'c01', 'c29', 'c09', 'c33', 'c07', 'c16', 'c05', 'c13', 'c21', 'c03', 'c06', 'c25', 'c37', 'c02', 'c10', 'c17']",511,0.998046875,1.0,True,1.0,0.16666666666666666,0.2857142857142857,15,1,False,0.16666666666666666
random,content_02_clinic_access,c_q01_direct,direct,512,"['c20', 'c07', 'c10', 'c33', 'c16', 'c30', 'c24', 'c26', 'c38', 'c40', 'c01', 'c13', 'c11', 'c18', 'c34', 'c23', 'c15']",501,0.978515625,0.5,False,0.0,0.058823529411764705,0.10526315789473684,16,0,False,0.05263157894736842
feature_knapsack,content_02_clinic_access,c_q01_direct,direct,512,"['c02', 'c03', 'c04', 'c13', 'c15', 'c16', 'c21', 'c24', 'c35']",264,0.515625,0.5,False,1.0,0.2222222222222222,0.30769230769230765,7,1,False,0.2
budget_fill,content_02_clinic_access,c_q01_direct,direct,1024,"['c01', 'c02', 'c03', 'c04', 'c05', 'c06', 'c07', 'c08', 'c09', 'c10', 'c11', 'c12', 'c13', 'c14', 'c15', 'c16', 'c17', 'c18', 'c19', 'c20', 'c21', 'c22', 'c23', 'c24', 'c25', 'c26', 'c27', 'c28', 'c29', 'c30', 'c31', 'c32', 'c33', 'c34', 'c35']",1023,0.9990234375,1.0,True,1.0,0.08571428571428572,0.15789473684210528,32,1,False,0.08571428571428572
keyword_overlap,content_02_clinic_access,c_q01_direct,direct,1024,"['c04', 'c24', 'c01', 'c29', 'c09', 'c33', 'c07', 'c16', 'c05', 'c13', 'c21', 'c03', 'c06', 'c25', 'c37', 'c02', 'c10', 'c17', 'c18', 'c22', 'c27', 'c30', 'c34', 'c39', 'c08', 'c11', 'c14', 'c23', 'c26', 'c31', 'c32', 'c35', 'c38', 'c12', 'c15']",1017,0.9931640625,1.0,True,1.0,0.08571428571428572,0.15789473684210528,32,1,False,0.08571428571428572
random,content_02_clinic_access,c_q01_direct,direct,1024,"['c32', 'c38', 'c34', 'c17', 'c22', 'c31', 'c40', 'c06', 'c24', 'c07', 'c18', 'c26', 'c08', 'c10', 'c04', 'c36', 'c13', 'c09', 'c14', 'c39', 'c21', 'c35', 'c28', 'c02', 'c23', 'c01', 'c20', 'c03', 'c27', 'c16', 'c37', 'c29', 'c19', 'c11']",998,0.974609375,1.0,True,1.0,0.08823529411764706,0.1621621621621622,31,1,False,0.08823529411764706
feature_knapsack,content_02_clinic_access,c_q01_direct,direct,1024,"['c02', 'c03', 'c04', 'c13', 'c15', 'c16', 'c21', 'c24', 'c35']",264,0.2578125,0.5,False,1.0,0.2222222222222222,0.30769230769230765,7,1,False,0.2
budget_fill,content_02_clinic_access,c_q02_direct,direct,128,"['c01', 'c02', 'c03', 'c04']",115,0.8984375,0.0,False,0.0,0.0,0.0,4,0,False,0.0
keyword_overlap,content_02_clinic_access,c_q02_direct,direct,128,"['c05', 'c08', 'c06', 'c23']",115,0.8984375,1.0,True,0.0,0.5,0.6666666666666666,2,1,False,0.5
random,content_02_clinic_access,c_q02_direct,direct,128,"['c04', 'c13', 'c22', 'c03']",115,0.8984375,0.0,False,0.0,0.0,0.0,4,0,False,0.0
feature_knapsack,content_02_clinic_access,c_q02_direct,direct,128,"['c05', 'c06', 'c08', 'c23']",115,0.8984375,1.0,True,0.0,0.5,0.6666666666666666,2,1,False,0.5
budget_fill,content_02_clinic_access,c_q02_direct,direct,256,"['c01', 'c02', 'c03', 'c04', 'c05', 'c06', 'c07', 'c08', 'c13']",256,1.0,1.0,True,1.0,0.3333333333333333,0.5,6,1,False,0.3333333333333333
keyword_overlap,content_02_clinic_access,c_q02_direct,direct,256,"['c05', 'c08', 'c06', 'c23', 'c04', 'c12', 'c20', 'c01']",235,0.91796875,1.0,True,0.0,0.25,0.4,6,1,False,0.2222222222222222
random,content_02_clinic_access,c_q02_direct,direct,256,"['c08', 'c14', 'c15', 'c19', 'c18', 'c13', 'c17', 'c04']",238,0.9296875,0.0,False,0.0,0.0,0.0,8,1,False,0.0
feature_knapsack,content_02_clinic_access,c_q02_direct,direct,256,"['c05', 'c06', 'c08', 'c22', 'c23']",144,0.5625,1.0,True,0.0,0.4,0.5714285714285715,3,1,False,0.3333333333333333
budget_fill,content_02_clinic_access,c_q02_direct,direct,512,"['c01', 'c02', 'c03', 'c04', 'c05', 'c06', 'c07', 'c08', 'c09', 'c10', 'c11', 'c12', 'c13', 'c14', 'c15', 'c16', 'c17']",495,0.966796875,1.0,True,1.0,0.17647058823529413,0.3,14,1,False,0.17647058823529413
keyword_overlap,content_02_clinic_access,c_q02_direct,direct,512,"['c05', 'c08', 'c06', 'c23', 'c04', 'c12', 'c20', 'c01', 'c21', 'c03', 'c09', 'c25', 'c33', 'c37', 'c02', 'c07', 'c17']",489,0.955078125,1.0,True,1.0,0.17647058823529413,0.3,14,1,False,0.17647058823529413
random,content_02_clinic_access,c_q02_direct,direct,512,"['c04', 'c13', 'c11', 'c39', 'c31', 'c10', 'c33', 'c14', 'c40', 'c35', 'c18', 'c16', 'c32', 'c20', 'c21', 'c15', 'c24']",504,0.984375,0.0,False,0.0,0.0,0.0,17,0,False,0.0
feature_knapsack,content_02_clinic_access,c_q02_direct,direct,512,"['c05', 'c06', 'c08', 'c22', 'c23']",144,0.28125,1.0,True,0.0,0.4,0.5714285714285715,3,1,False,0.3333333333333333
budget_fill,content_02_clinic_access,c_q02_direct,direct,1024,"['c01', 'c02', 'c03', 'c04', 'c05', 'c06', 'c07', 'c08', 'c09', 'c10', 'c11', 'c12', 'c13', 'c14', 'c15', 'c16', 'c17', 'c18', 'c19', 'c20', 'c21', 'c22', 'c23', 'c24', 'c25', 'c26', 'c27', 'c28', 'c29', 'c30', 'c31', 'c32', 'c33', 'c34', 'c35']",1023,0.9990234375,1.0,True,1.0,0.08571428571428572,0.15789473684210528,32,1,False,0.08571428571428572
keyword_overlap,content_02_clinic_access,c_q02_direct,direct,1024,"['c05', 'c08', 'c06', 'c23', 'c04', 'c12', 'c20', 'c01', 'c21', 'c03', 'c09', 'c25', 'c33', 'c37', 'c02', 'c07', 'c17', 'c18', 'c22', 'c27', 'c39', 'c14', 'c24', 'c26', 'c35', 'c38', 'c15', 'c16', 'c19', 'c36', 'c13', 'c29', 'c10', 'c30', 'c34']",1020,0.99609375,1.0,True,1.0,0.08571428571428572,0.15789473684210528,32,1,False,0.08571428571428572
random,content_02_clinic_access,c_q02_direct,direct,1024,"['c16', 'c20', 'c30', 'c40', 'c01', 'c24', 'c06', 'c33', 'c23', 'c14', 'c34', 'c35', 'c36', 'c04', 'c10', 'c02', 'c05', 'c13', 'c18', 'c11', 'c28', 'c08', 'c37', 'c26', 'c29', 'c21', 'c39', 'c32', 'c19', 'c15', 'c12', 'c27', 'c22', 'c17']",999,0.9755859375,1.0,True,0.0,0.058823529411764705,0.1111111111111111,32,1,False,0.05714285714285714
feature_knapsack,content_02_clinic_access,c_q02_direct,direct,1024,"['c05', 'c06', 'c08', 'c22', 'c23']",144,0.140625,1.0,True,0.0,0.4,0.5714285714285715,3,1,False,0.3333333333333333
budget_fill,content_02_clinic_access,c_q03_direct,direct,128,"['c01', 'c02', 'c03', 'c04']",115,0.8984375,0.0,False,0.0,0.0,0.0,4,0,False,0.0
keyword_overlap,content_02_clinic_access,c_q03_direct,direct,128,"['c12', 'c09', 'c05', 'c27']",115,0.8984375,0.3333333333333333,False,1.0,0.5,0.4,2,0,False,0.16666666666666666
random,content_02_clinic_access,c_q03_direct,direct,128,"['c05', 'c22', 'c08', 'c18']",115,0.8984375,0.0,False,0.0,0.0,0.0,4,0,False,0.0
feature_knapsack,content_02_clinic_access,c_q03_direct,direct,128,"['c08', 'c09', 'c11', 'c12']",119,0.9296875,0.6666666666666666,False,1.0,0.75,0.7058823529411765,1,0,False,0.4
budget_fill,content_02_clinic_access,c_q03_direct,direct,256,"['c01', 'c02', 'c03', 'c04', 'c05', 'c06', 'c07', 'c08', 'c13']",256,1.0,0.0,False,0.0,0.0,0.0,9,0,False,0.0
keyword_overlap,content_02_clinic_access,c_q03_direct,direct,256,"['c12', 'c09', 'c05', 'c27', 'c39', 'c11', 'c24', 'c01']",231,0.90234375,0.6666666666666666,False,1.0,0.375,0.4800000000000001,5,0,False,0.3333333333333333
random,content_02_clinic_access,c_q03_direct,direct,256,"['c15', 'c17', 'c28', 'c23', 'c20', 'c29', 'c19', 'c12']",241,0.94140625,0.0,False,1.0,0.125,0.0,7,0,False,0.09090909090909091
feature_knapsack,content_02_clinic_access,c_q03_direct,direct,256,"['c09', 'c10', 'c11', 'c12', 'c24', 'c27', 'c30', 'c39']",235,0.91796875,1.0,True,1.0,0.5,0.6666666666666666,4,0,False,0.5
budget_fill,content_02_clinic_access,c_q03_direct,direct,512,"['c01', 'c02', 'c03', 'c04', 'c05', 'c06', 'c07', 'c08', 'c09', 'c10', 'c11', 'c12', 'c13', 'c14', 'c15', 'c16', 'c17']",495,0.966796875,1.0,True,1.0,0.23529411764705882,0.38095238095238093,13,0,False,0.23529411764705882
keyword_overlap,content_02_clinic_access,c_q03_direct,direct,512,"['c12', 'c09', 'c05', 'c27', 'c39', 'c11', 'c24', 'c01', 'c21', 'c06', 'c25', 'c33', 'c37', 'c02', 'c10', 'c17', 'c18']",486,0.94921875,1.0,True,1.0,0.23529411764705882,0.38095238095238093,13,0,False,0.23529411764705882
random,content_02_clinic_access,c_q03_direct,direct,512,"['c40', 'c16', 'c21', 'c08', 'c15', 'c14', 'c22', 'c33', 'c10', 'c27', 'c30', 'c24', 'c28', 'c13', 'c35', 'c29', 'c09']",497,0.970703125,0.6666666666666666,False,0.0,0.11764705882352941,0.2,15,0,False,0.10526315789473684
feature_knapsack,content_02_clinic_access,c_q03_direct,direct,512,"['c05', 'c08', 'c09', 'c10', 'c11', 'c12', 'c24', 'c27', 'c30', 'c39']",292,0.5703125,1.0,True,1.0,0.4,0.5714285714285715,6,0,False,0.4
budget_fill,content_02_clinic_access,c_q03_direct,direct,1024,"['c01', 'c02', 'c03', 'c04', 'c05', 'c06', 'c07', 'c08', 'c09', 'c10', 'c11', 'c12', 'c13', 'c14', 'c15', 'c16', 'c17', 'c18', 'c19', 'c20', 'c21', 'c22', 'c23', 'c24', 'c25', 'c26', 'c27', 'c28', 'c29', 'c30', 'c31', 'c32', 'c33', 'c34', 'c35']",1023,0.9990234375,1.0,True,1.0,0.11428571428571428,0.20512820512820512,31,0,False,0.11428571428571428
keyword_overlap,content_02_clinic_access,c_q03_direct,direct,1024,"['c12', 'c09', 'c05', 'c27', 'c39', 'c11', 'c24', 'c01', 'c21', 'c06', 'c25', 'c33', 'c37', 'c02', 'c10', 'c17', 'c18', 'c22', 'c30', 'c08', 'c14', 'c23', 'c26', 'c35', 'c38', 'c04', 'c15', 'c16', 'c19', 'c20', 'c36', 'c13', 'c29', 'c03', 'c07']",1021,0.9970703125,1.0,True,1.0,0.11428571428571428,0.20512820512820512,31,0,False,0.11428571428571428
random,content_02_clinic_access,c_q03_direct,direct,1024,"['c04', 'c28', 'c02', 'c17', 'c03', 'c27', 'c05', 'c40', 'c25', 'c37', 'c30', 'c13', 'c19', 'c39', 'c26', 'c18', 'c38', 'c14', 'c21', 'c01', 'c35', 'c16', 'c20', 'c15', 'c08', 'c34', 'c31', 'c10', 'c24', 'c06', 'c33', 'c22', 'c07', 'c11', 'c09']",1023,0.9990234375,1.0,True,0.0,0.08571428571428572,0.15789473684210528,32,0,False,0.08333333333333333
feature_knapsack,content_02_clinic_access,c_q03_direct,direct,1024,"['c05', 'c08', 'c09', 'c10', 'c11', 'c12', 'c24', 'c27', 'c30', 'c39']",292,0.28515625,1.0,True,1.0,0.4,0.5714285714285715,6,0,False,0.4
budget_fill,content_02_clinic_access,c_q04_direct,direct,128,"['c01', 'c02', 'c03', 'c04']",115,0.8984375,0.0,False,0.0,0.0,0.0,4,0,False,0.0
keyword_overlap,content_02_clinic_access,c_q04_direct,direct,128,"['c14', 'c16', 'c13', 'c15']",119,0.9296875,1.0,True,1.0,1.0,1.0,0,0,False,0.75
random,content_02_clinic_access,c_q04_direct,direct,128,"['c16', 'c11', 'c04', 'c30']",121,0.9453125,0.0,False,1.0,0.25,0.0,3,0,False,0.0
feature_knapsack,content_02_clinic_access,c_q04_direct,direct,128,"['c13', 'c14', 'c15', 'c16']",119,0.9296875,1.0,True,1.0,1.0,1.0,0,0,False,0.75
budget_fill,content_02_clinic_access,c_q04_direct,direct,256,"['c01', 'c02', 'c03', 'c04', 'c05', 'c06', 'c07', 'c08', 'c13']",256,1.0,0.3333333333333333,False,0.0,0.1111111111111111,0.16666666666666666,8,0,False,0.08333333333333333
keyword_overlap,content_02_clinic_access,c_q04_direct,direct,256,"['c14', 'c16', 'c13', 'c15', 'c04', 'c12', 'c20', 'c01']",239,0.93359375,1.0,True,1.0,0.5,0.6666666666666666,4,0,False,0.5
random,content_02_clinic_access,c_q04_direct,direct,256,"['c04', 'c34', 'c15', 'c37', 'c27', 'c10', 'c08', 'c18']",236,0.921875,0.3333333333333333,False,0.0,0.125,0.18181818181818182,7,0,False,0.09090909090909091
feature_knapsack,content_02_clinic_access,c_q04_direct,direct,256,"['c04', 'c13', 'c14', 'c15', 'c16']",150,0.5859375,1.0,True,1.0,0.8,0.888888888888889,1,0,False,0.8
budget_fill,content_02_clinic_access,c_q04_direct,direct,512,"['c01', 'c02', 'c03', 'c04', 'c05', 'c06', 'c07', 'c08', 'c09', 'c10', 'c11', 'c12', 'c13', 'c14', 'c15', 'c16', 'c17']",495,0.966796875,1.0,True,1.0,0.23529411764705882,0.38095238095238093,13,0,False,0.23529411764705882
keyword_overlap,content_02_clinic_access,c_q04_direct,direct,512,"['c14', 'c16', 'c13', 'c15', 'c04', 'c12', 'c20', 'c01', 'c05', 'c21', 'c03', 'c06', 'c09', 'c25', 'c33', 'c37', 'c02']",490,0.95703125,1.0,True,1.0,0.23529411764705882,0.38095238095238093,13,0,False,0.23529411764705882
random,content_02_clinic_access,c_q04_direct,direct,512,"['c02', 'c11', 'c22', 'c38', 'c37', 'c35', 'c31', 'c17', 'c39', 'c23', 'c13', 'c08', 'c36', 'c01', 'c40', 'c04', 'c03']",499,0.974609375,0.3333333333333333,False,0.0,0.058823529411764705,0.1,16,0,False,0.05
feature_knapsack,content_02_clinic_access,c_q04_direct,direct,512,"['c04', 'c13', 'c14', 'c15', 'c16']",150,0.29296875,1.0,True,1.0,0.8,0.888888888888889,1,0,False,0.8
budget_fill,content_02_clinic_access,c_q04_direct,direct,1024,"['c01', 'c02', 'c03', 'c04', 'c05', 'c06', 'c07', 'c08', 'c09', 'c10', 'c11', 'c12', 'c13', 'c14', 'c15', 'c16', 'c17', 'c18', 'c19', 'c20', 'c21', 'c22', 'c23', 'c24', 'c25', 'c26', 'c27', 'c28', 'c29', 'c30', 'c31', 'c32', 'c33', 'c34', 'c35']",1023,0.9990234375,1.0,True,1.0,0.11428571428571428,0.20512820512820512,31,0,False,0.11428571428571428
keyword_overlap,content_02_clinic_access,c_q04_direct,direct,1024,"['c14', 'c16', 'c13', 'c15', 'c04', 'c12', 'c20', 'c01', 'c05', 'c21', 'c03', 'c06', 'c09', 'c25', 'c33', 'c37', 'c02', 'c07', 'c17', 'c18', 'c22', 'c27', 'c39', 'c08', 'c23', 'c24', 'c26', 'c35', 'c38', 'c19', 'c36', 'c29', 'c10', 'c30', 'c34']",1020,0.99609375,1.0,True,1.0,0.11428571428571428,0.20512820512820512,31,0,False,0.11428571428571428
random,content_02_clinic_access,c_q04_direct,direct,1024,"['c12', 'c23', 'c16', 'c03', 'c34', 'c19', 'c13', 'c26', 'c22', 'c15', 'c04', 'c35', 'c05', 'c24', 'c02', 'c20', 'c38', 'c01', 'c10', 'c29', 'c32', 'c25', 'c18', 'c30', 'c09', 'c14', 'c36', 'c31', 'c37', 'c07', 'c08', 'c17', 'c40', 'c39']",999,0.9755859375,1.0,True,1.0,0.11764705882352941,0.21052631578947367,30,0,False,0.11764705882352941
feature_knapsack,content_02_clinic_access,c_q04_direct,direct,1024,"['c04', 'c13', 'c14', 'c15', 'c16']",150,0.146484375,1.0,True,1.0,0.8,0.888888888888889,1,0,False,0.8
budget_fill,content_02_clinic_access,c_q05_direct,direct,128,"['c01', 'c02', 'c03', 'c04']",115,0.8984375,0.0,False,0.0,0.0,0.0,4,0,False,0.0
keyword_overlap,content_02_clinic_access,c_q05_direct,direct,128,"['c20', 'c18', 'c17', 'c05']",116,0.90625,0.6666666666666666,False,1.0,0.75,0.7058823529411765,1,0,False,0.4
random,content_02_clinic_access,c_q05_direct,direct,128,"['c39', 'c11', 'c31', 'c18']",118,0.921875,0.3333333333333333,False,0.0,0.25,0.28571428571428575,3,0,False,0.16666666666666666
feature_knapsack,content_02_clinic_access,c_q05_direct,direct,128,"['c17', 'c18', 'c20', 'c25']",117,0.9140625,0.6666666666666666,False,1.0,0.75,0.7058823529411765,1,0,False,0.4
budget_fill,content_02_clinic_access,c_q05_direct,direct,256,"['c01', 'c02', 'c03', 'c04', 'c05', 'c06', 'c07', 'c08', 'c13']",256,1.0,0.0,False,0.0,0.0,0.0,9,0,False,0.0
keyword_overlap,content_02_clinic_access,c_q05_direct,direct,256,"['c20', 'c18', 'c17', 'c05', 'c33', 'c37', 'c02', 'c22']",230,0.8984375,0.6666666666666666,False,1.0,0.375,0.4800000000000001,5,0,False,0.3333333333333333
random,content_02_clinic_access,c_q05_direct,direct,256,"['c26', 'c12', 'c29', 'c30', 'c27', 'c20', 'c38', 'c16']",238,0.9296875,0.0,False,1.0,0.125,0.0,7,0,False,0.09090909090909091
feature_knapsack,content_02_clinic_access,c_q05_direct,direct,256,"['c17', 'c18', 'c19', 'c20', 'c25', 'c26', 'c28']",209,0.81640625,1.0,True,1.0,0.5714285714285714,0.7272727272727273,3,0,False,0.5714285714285714
budget_fill,content_02_clinic_access,c_q05_direct,direct,512,"['c01', 'c02', 'c03', 'c04', 'c05', 'c06', 'c07', 'c08', 'c09', 'c10', 'c11', 'c12', 'c13', 'c14', 'c15', 'c16', 'c17']",495,0.966796875,0.3333333333333333,False,0.0,0.058823529411764705,0.1,16,0,False,0.05
keyword_overlap,content_02_clinic_access,c_q05_direct,direct,512,"['c20', 'c18', 'c17', 'c05', 'c33', 'c37', 'c02', 'c22', 'c08', 'c38', 'c12', 'c15', 'c01', 'c21', 'c06', 'c09', 'c25']",490,0.95703125,0.6666666666666666,False,1.0,0.17647058823529413,0.27906976744186046,14,0,False,0.16666666666666666
random,content_02_clinic_access,c_q05_direct,direct,512,"['c12', 'c35', 'c17', 'c07', 'c31', 'c03', 'c14', 'c39', 'c23', 'c30', 'c06', 'c22', 'c13', 'c40', 'c37', 'c08', 'c26']",498,0.97265625,0.3333333333333333,False,0.0,0.058823529411764705,0.1,16,0,False,0.05
feature_knapsack,content_02_clinic_access,c_q05_direct,direct,512,"['c17', 'c18', 'c19', 'c20', 'c25', 'c26', 'c28']",209,0.408203125,1.0,True,1.0,0.5714285714285714,0.7272727272727273,3,0,False,0.5714285714285714
budget_fill,content_02_clinic_access,c_q05_direct,direct,1024,"['c01', 'c02', 'c03', 'c04', 'c05', 'c06', 'c07', 'c08', 'c09', 'c10', 'c11', 'c12', 'c13', 'c14', 'c15', 'c16', 'c17', 'c18', 'c19', 'c20', 'c21', 'c22', 'c23', 'c24', 'c25', 'c26', 'c27', 'c28', 'c29', 'c30', 'c31', 'c32', 'c33', 'c34', 'c35']",1023,0.9990234375,1.0,True,1.0,0.11428571428571428,0.20512820512820512,31,0,False,0.11428571428571428
keyword_overlap,content_02_clinic_access,c_q05_direct,direct,1024,"['c20', 'c18', 'c17', 'c05', 'c33', 'c37', 'c02', 'c22', 'c08', 'c38', 'c12', 'c15', 'c01', 'c21', 'c06', 'c09', 'c25', 'c27', 'c39', 'c11', 'c14', 'c23', 'c24', 'c26', 'c35', 'c04', 'c16', 'c19', 'c28', 'c36', 'c13', 'c29', 'c03', 'c07', 'c10']",1023,0.9990234375,1.0,True,1.0,0.11428571428571428,0.20512820512820512,31,0,False,0.11428571428571428
random,content_02_clinic_access,c_q05_direct,direct,1024,"['c09', 'c05', 'c31', 'c03', 'c17', 'c37', 'c18', 'c28', 'c01', 'c11', 'c12', 'c26', 'c20', 'c33', 'c07', 'c40', 'c19', 'c08', 'c13', 'c32', 'c36', 'c22', 'c34', 'c16', 'c04', 'c15', 'c39', 'c35', 'c06', 'c25', 'c24', 'c38', 'c27', 'c02']",1000,0.9765625,1.0,True,1.0,0.11764705882352941,0.21052631578947367,30,0,False,0.11764705882352941
feature_knapsack,content_02_clinic_access,c_q05_direct,direct,1024,"['c17', 'c18', 'c19', 'c20', 'c25', 'c26', 'c28']",209,0.2041015625,1.0,True,1.0,0.5714285714285714,0.7272727272727273,3,0,False,0.5714285714285714
budget_fill,content_02_clinic_access,c_q06_two_hop,two_hop,128,"['c01', 'c02', 'c03', 'c04']",115,0.8984375,0.0,False,0.0,0.0,0.0,4,0,False,0.0
keyword_overlap,content_02_clinic_access,c_q06_two_hop,two_hop,128,"['c24', 'c21', 'c22', 'c14']",116,0.90625,1.0,True,0.0,0.5,0.6666666666666666,2,1,False,0.5
random,content_02_clinic_access,c_q06_two_hop,two_hop,128,"['c30', 'c05', 'c14', 'c40']",117,0.9140625,0.0,False,0.0,0.0,0.0,4,0,False,0.0
feature_knapsack,content_02_clinic_access,c_q06_two_hop,two_hop,128,"['c21', 'c22', 'c23', 'c24']",116,0.90625,1.0,True,1.0,0.75,0.8571428571428571,1,1,False,0.75
budget_fill,content_02_clinic_access,c_q06_two_hop,two_hop,256,"['c01', 'c02', 'c03', 'c04', 'c05', 'c06', 'c07', 'c08', 'c13']",256,1.0,0.0,False,0.0,0.0,0.0,9,0,False,0.0
keyword_overlap,content_02_clinic_access,c_q06_two_hop,two_hop,256,"['c24', 'c21', 'c22', 'c14', 'c23', 'c04', 'c12', 'c20']",239,0.93359375,1.0,True,1.0,0.375,0.5454545454545454,5,1,False,0.375
random,content_02_clinic_access,c_q06_two_hop,two_hop,256,"['c13', 'c21', 'c38', 'c31', 'c05', 'c08', 'c40', 'c34']",231,0.90234375,0.5,False,0.0,0.125,0.2,7,0,False,0.1
feature_knapsack,content_02_clinic_access,c_q06_two_hop,two_hop,256,"['c04', 'c21', 'c22', 'c23', 'c24']",147,0.57421875,1.0,True,1.0,0.6,0.7499999999999999,2,1,False,0.6
budget_fill,content_02_clinic_access,c_q06_two_hop,two_hop,512,"['c01', 'c02', 'c03', 'c04', 'c05', 'c06', 'c07', 'c08', 'c09', 'c10', 'c11', 'c12', 'c13', 'c14', 'c15', 'c16', 'c17']",495,0.966796875,0.0,False,0.0,0.0,0.0,17,0,False,0.0
keyword_overlap,content_02_clinic_access,c_q06_two_hop,two_hop,512,"['c24', 'c21', 'c22', 'c14', 'c23', 'c04', 'c12', 'c20', 'c01', 'c05', 'c13', 'c29', 'c03', 'c06', 'c09', 'c25', 'c33']",487,0.951171875,1.0,True,1.0,0.17647058823529413,0.3,14,1,False,0.17647058823529413
random,content_02_clinic_access,c_q06_two_hop,two_hop,512,"['c14', 'c06', 'c23', 'c34', 'c33', 'c36', 'c12', 'c29', 'c07', 'c27', 'c10', 'c16', 'c31', 'c04', 'c37', 'c17', 'c39']",499,0.974609375,0.0,False,1.0,0.058823529411764705,0.0,16,0,False,0.05263157894736842
feature_knapsack,content_02_clinic_access,c_q06_two_hop,two_hop,512,"['c04', 'c21', 'c22', 'c23', 'c24']",147,0.287109375,1.0,True,1.0,0.6,0.7499999999999999,2,1,False,0.6
budget_fill,content_02_clinic_access,c_q06_two_hop,two_hop,1024,"['c01', 'c02', 'c03', 'c04', 'c05', 'c06', 'c07', 'c08', 'c09', 'c10', 'c11', 'c12', 'c13', 'c14', 'c15', 'c16', 'c17', 'c18', 'c19', 'c20', 'c21', 'c22', 'c23', 'c24', 'c25', 'c26', 'c27', 'c28', 'c29', 'c30', 'c31', 'c32', 'c33', 'c34', 'c35']",1023,0.9990234375,1.0,True,1.0,0.08571428571428572,0.15789473684210528,32,1,False,0.08571428571428572
keyword_overlap,content_02_clinic_access,c_q06_two_hop,two_hop,1024,"['c24', 'c21', 'c22', 'c14', 'c23', 'c04', 'c12', 'c20', 'c01', 'c05', 'c13', 'c29', 'c03', 'c06', 'c09', 'c25', 'c33', 'c37', 'c02', 'c07', 'c10', 'c17', 'c18', 'c27', 'c39', 'c08', 'c26', 'c32', 'c35', 'c38', 'c15', 'c16', 'c19', 'c36', 'c40']",1023,0.9990234375,1.0,True,1.0,0.08571428571428572,0.15789473684210528,32,1,False,0.08571428571428572
random,content_02_clinic_access,c_q06_two_hop,two_hop,1024,"['c13', 'c05', 'c16', 'c20', 'c03', 'c17', 'c07', 'c34', 'c37', 'c26', 'c06', 'c04', 'c28', 'c40', 'c10', 'c33', 'c30', 'c36', 'c23', 'c15', 'c18', 'c29', 'c39', 'c08', 'c19', 'c22', 'c31', 'c11', 'c27', 'c25', 'c21', 'c01', 'c35', 'c38', 'c09']",1022,0.998046875,1.0,True,1.0,0.08571428571428572,0.15789473684210528,32,0,False,0.08571428571428572
feature_knapsack,content_02_clinic_access,c_q06_two_hop,two_hop,1024,"['c04', 'c21', 'c22', 'c23', 'c24']",147,0.1435546875,1.0,True,1.0,0.6,0.7499999999999999,2,1,False,0.6
budget_fill,content_02_clinic_access,c_q07_two_hop,two_hop,128,"['c01', 'c02', 'c03', 'c04']",115,0.8984375,0.0,False,0.0,0.0,0.0,4,0,False,0.0
keyword_overlap,content_02_clinic_access,c_q07_two_hop,two_hop,128,"['c28', 'c25', 'c26', 'c03']",117,0.9140625,0.6666666666666666,False,1.0,0.75,0.7058823529411765,1,0,False,0.4
random,content_02_clinic_access,c_q07_two_hop,two_hop,128,"['c32', 'c16', 'c20', 'c01']",119,0.9296875,0.0,False,0.0,0.0,0.0,4,0,False,0.0
feature_knapsack,content_02_clinic_access,c_q07_two_hop,two_hop,128,"['c25', 'c26', 'c27', 'c28']",118,0.921875,1.0,True,1.0,1.0,1.0,0,0,False,0.75
budget_fill,content_02_clinic_access,c_q07_two_hop,two_hop,256,"['c01', 'c02', 'c03', 'c04', 'c05', 'c06', 'c07', 'c08', 'c13']",256,1.0,0.0,False,0.0,0.0,0.0,9,0,False,0.0
keyword_overlap,content_02_clinic_access,c_q07_two_hop,two_hop,256,"['c28', 'c25', 'c26', 'c03', 'c07', 'c27', 'c04', 'c12']",237,0.92578125,1.0,True,1.0,0.5,0.6666666666666666,4,0,False,0.5
random,content_02_clinic_access,c_q07_two_hop,two_hop,256,"['c06', 'c28', 'c05', 'c39', 'c38', 'c29', 'c25', 'c24']",230,0.8984375,0.3333333333333333,False,1.0,0.25,0.28571428571428575,6,0,False,0.2
feature_knapsack,content_02_clinic_access,c_q07_two_hop,two_hop,256,"['c09', 'c25', 'c26', 'c27', 'c28']",146,0.5703125,1.0,True,1.0,0.8,0.888888888888889,1,0,False,0.8
budget_fill,content_02_clinic_access,c_q07_two_hop,two_hop,512,"['c01', 'c02', 'c03', 'c04', 'c05', 'c06', 'c07', 'c08', 'c09', 'c10', 'c11', 'c12', 'c13', 'c14', 'c15', 'c16', 'c17']",495,0.966796875,0.0,False,0.0,0.0,0.0,17,0,False,0.0
keyword_overlap,content_02_clinic_access,c_q07_two_hop,two_hop,512,"['c28', 'c25', 'c26', 'c03', 'c07', 'c27', 'c04', 'c12', 'c20', 'c01', 'c05', 'c13', 'c21', 'c29', 'c06', 'c09', 'c33']",487,0.951171875,1.0,True,1.0,0.23529411764705882,0.38095238095238093,13,0,False,0.23529411764705882
random,content_02_clinic_access,c_q07_two_hop,two_hop,512,"['c09', 'c40', 'c28', 'c39', 'c32', 'c18', 'c01', 'c29', 'c19', 'c35', 'c05', 'c23', 'c08', 'c02', 'c20', 'c21', 'c16']",498,0.97265625,0.0,False,1.0,0.058823529411764705,0.0,16,0,False,0.05
feature_knapsack,content_02_clinic_access,c_q07_two_hop,two_hop,512,"['c09', 'c25', 'c26', 'c27', 'c28']",146,0.28515625,1.0,True,1.0,0.8,0.888888888888889,1,0,False,0.8
budget_fill,content_02_clinic_access,c_q07_two_hop,two_hop,1024,"['c01', 'c02', 'c03', 'c04', 'c05', 'c06', 'c07', 'c08', 'c09', 'c10', 'c11', 'c12', 'c13', 'c14', 'c15', 'c16', 'c17', 'c18', 'c19', 'c20', 'c21', 'c22', 'c23', 'c24', 'c25', 'c26', 'c27', 'c28', 'c29', 'c30', 'c31', 'c32', 'c33', 'c34', 'c35']",1023,0.9990234375,1.0,True,1.0,0.11428571428571428,0.20512820512820512,31,0,False,0.11428571428571428
keyword_overlap,content_02_clinic_access,c_q07_two_hop,two_hop,1024,"['c28', 'c25', 'c26', 'c03', 'c07', 'c27', 'c04', 'c12', 'c20', 'c01', 'c05', 'c13', 'c21', 'c29', 'c06', 'c09', 'c33', 'c37', 'c02', 'c10', 'c17', 'c18', 'c22', 'c30', 'c34', 'c39', 'c08', 'c11', 'c14', 'c23', 'c24', 'c31', 'c32', 'c35', 'c38']",1017,0.9931640625,1.0,True,1.0,0.11428571428571428,0.20512820512820512,31,0,False,0.11428571428571428
random,content_02_clinic_access,c_q07_two_hop,two_hop,1024,"['c39', 'c33', 'c15', 'c09', 'c03', 'c02', 'c13', 'c10', 'c32', 'c14', 'c24', 'c06', 'c05', 'c12', 'c29', 'c25', 'c11', 'c17', 'c08', 'c26', 'c34', 'c27', 'c18', 'c22', 'c20', 'c31', 'c19', 'c16', 'c30', 'c35', 'c37', 'c07', 'c28', 'c21', 'c23']",1022,0.998046875,1.0,True,1.0,0.11428571428571428,0.20512820512820512,31,0,False,0.11428571428571428
feature_knapsack,content_02_clinic_access,c_q07_two_hop,two_hop,1024,"['c09', 'c25', 'c26', 'c27', 'c28']",146,0.142578125,1.0,True,1.0,0.8,0.888888888888889,1,0,False,0.8
budget_fill,content_02_clinic_access,c_q08_two_hop,two_hop,128,"['c01', 'c02', 'c03', 'c04']",115,0.8984375,0.0,False,0.0,0.0,0.0,4,0,False,0.0
keyword_overlap,content_02_clinic_access,c_q08_two_hop,two_hop,128,"['c32', 'c29', 'c30', 'c01']",113,0.8828125,0.6666666666666666,False,1.0,0.75,0.7058823529411765,1,0,False,0.4
random,content_02_clinic_access,c_q08_two_hop,two_hop,128,"['c14', 'c36', 'c03', 'c33']",117,0.9140625,0.0,False,0.0,0.0,0.0,4,0,False,0.0
feature_knapsack,content_02_clinic_access,c_q08_two_hop,two_hop,128,"['c29', 'c30', 'c32', 'c35']",116,0.90625,0.6666666666666666,False,1.0,0.75,0.7058823529411765,1,0,False,0.4
budget_fill,content_02_clinic_access,c_q08_two_hop,two_hop,256,"['c01', 'c02', 'c03', 'c04', 'c05', 'c06', 'c07', 'c08', 'c13']",256,1.0,0.0,False,0.0,0.0,0.0,9,0,False,0.0
keyword_overlap,content_02_clinic_access,c_q08_two_hop,two_hop,256,"['c32', 'c29', 'c30', 'c01', 'c05', 'c27', 'c11', 'c24', 'c13']",256,1.0,0.6666666666666666,False,1.0,0.3333333333333333,0.4444444444444444,6,0,False,0.3
random,content_02_clinic_access,c_q08_two_hop,two_hop,256,"['c37', 'c11', 'c30', 'c23', 'c12', 'c04', 'c14', 'c21']",236,0.921875,0.3333333333333333,False,0.0,0.125,0.18181818181818182,7,0,False,0.09090909090909091
feature_knapsack,content_02_clinic_access,c_q08_two_hop,two_hop,256,"['c01', 'c05', 'c24', 'c27', 'c29', 'c30', 'c32', 'c35']",229,0.89453125,0.6666666666666666,False,1.0,0.375,0.4800000000000001,5,0,False,0.3333333333333333
budget_fill,content_02_clinic_access,c_q08_two_hop,two_hop,512,"['c01', 'c02', 'c03', 'c04', 'c05', 'c06', 'c07', 'c08', 'c09', 'c10', 'c11', 'c12', 'c13', 'c14', 'c15', 'c16', 'c17']",495,0.966796875,0.0,False,0.0,0.0,0.0,17,0,False,0.0
keyword_overlap,content_02_clinic_access,c_q08_two_hop,two_hop,512,"['c32', 'c29', 'c30', 'c01', 'c05', 'c27', 'c11', 'c24', 'c35', 'c12', 'c13', 'c21', 'c03', 'c06', 'c09', 'c25', 'c33', 'c37']",512,1.0,0.6666666666666666,False,1.0,0.16666666666666666,0.26666666666666666,15,0,False,0.15789473684210525
random,content_02_clinic_access,c_q08_two_hop,two_hop,512,"['c30', 'c27', 'c07', 'c18', 'c40', 'c25', 'c39', 'c35', 'c26', 'c04', 'c31', 'c19', 'c02', 'c06', 'c08', 'c15', 'c36']",505,0.986328125,0.6666666666666666,False,0.0,0.11764705882352941,0.2,15,0,False,0.10526315789473684
feature_knapsack,content_02_clinic_access,c_q08_two_hop,two_hop,512,"['c01', 'c05', 'c11', 'c24', 'c27', 'c29', 'c30', 'c31', 'c32', 'c35']",289,0.564453125,1.0,True,1.0,0.4,0.5714285714285715,6,0,False,0.4
budget_fill,content_02_clinic_access,c_q08_two_hop,two_hop,1024,"['c01', 'c02', 'c03', 'c04', 'c05', 'c06', 'c07', 'c08', 'c09', 'c10', 'c11', 'c12', 'c13', 'c14', 'c15', 'c16', 'c17', 'c18', 'c19', 'c20', 'c21', 'c22', 'c23', 'c24', 'c25', 'c26', 'c27', 'c28', 'c29', 'c30', 'c31', 'c32', 'c33', 'c34', 'c35']",1023,0.9990234375,1.0,True,1.0,0.11428571428571428,0.20512820512820512,31,0,False,0.11428571428571428
keyword_overlap,content_02_clinic_access,c_q08_two_hop,two_hop,1024,"['c32', 'c29', 'c30', 'c01', 'c05', 'c27', 'c11', 'c24', 'c35', 'c12', 'c13', 'c21', 'c03', 'c06', 'c09', 'c25', 'c33', 'c37', 'c02', 'c07', 'c10', 'c17', 'c18', 'c22', 'c34', 'c39', 'c08', 'c14', 'c23', 'c26', 'c31', 'c38', 'c04', 'c15', 'c16']",1017,0.9931640625,1.0,True,1.0,0.11428571428571428,0.20512820512820512,31,0,False,0.11428571428571428
random,content_02_clinic_access,c_q08_two_hop,two_hop,1024,"['c14', 'c29', 'c08', 'c33', 'c36', 'c31', 'c20', 'c35', 'c22', 'c06', 'c26', 'c17', 'c27', 'c12', 'c15', 'c30', 'c28', 'c25', 'c23', 'c37', 'c09', 'c04', 'c39', 'c38', 'c03', 'c05', 'c18', 'c01', 'c02', 'c10', 'c19', 'c13', 'c07', 'c24', 'c11']",1024,1.0,1.0,True,0.0,0.08571428571428572,0.15789473684210528,32,0,False,0.08333333333333333
feature_knapsack,content_02_clinic_access,c_q08_two_hop,two_hop,1024,"['c01', 'c05', 'c11', 'c24', 'c27', 'c29', 'c30', 'c31', 'c32', 'c35']",289,0.2822265625,1.0,True,1.0,0.4,0.5714285714285715,6,0,False,0.4
budget_fill,content_02_clinic_access,c_q09_two_hop,two_hop,128,"['c01', 'c02', 'c03', 'c04']",115,0.8984375,0.0,False,0.0,0.0,0.0,4,0,False,0.0
keyword_overlap,content_02_clinic_access,c_q09_two_hop,two_hop,128,"['c33', 'c36', 'c01', 'c05']",113,0.8828125,0.3333333333333333,False,1.0,0.5,0.4,2,0,False,0.16666666666666666
random,content_02_clinic_access,c_q09_two_hop,two_hop,128,"['c03', 'c29', 'c21', 'c01']",109,0.8515625,0.0,False,0.0,0.0,0.0,4,0,False,0.0
feature_knapsack,content_02_clinic_access,c_q09_two_hop,two_hop,128,"['c33', 'c34', 'c36', 'c37']",116,0.90625,0.6666666666666666,False,1.0,0.75,0.7058823529411765,1,0,False,0.4
budget_fill,content_02_clinic_access,c_q09_two_hop,two_hop,256,"['c01', 'c02', 'c03', 'c04', 'c05', 'c06', 'c07', 'c08', 'c13']",256,1.0,0.0,False,0.0,0.0,0.0,9,0,False,0.0
keyword_overlap,content_02_clinic_access,c_q09_two_hop,two_hop,256,"['c33', 'c36', 'c01', 'c05', 'c21', 'c06', 'c09', 'c25', 'c37']",252,0.984375,0.3333333333333333,False,1.0,0.2222222222222222,0.26666666666666666,7,0,False,0.18181818181818182
random,content_02_clinic_access,c_q09_two_hop,two_hop,256,"['c18', 'c10', 'c25', 'c23', 'c27', 'c20', 'c06', 'c19']",235,0.91796875,0.0,False,0.0,0.0,0.0,8,0,False,0.0
feature_knapsack,content_02_clinic_access,c_q09_two_hop,two_hop,256,"['c02', 'c33', 'c34', 'c35', 'c36', 'c37']",175,0.68359375,1.0,True,1.0,0.6666666666666666,0.8,2,0,False,0.6666666666666666
budget_fill,content_02_clinic_access,c_q09_two_hop,two_hop,512,"['c01', 'c02', 'c03', 'c04', 'c05', 'c06', 'c07', 'c08', 'c09', 'c10', 'c11', 'c12', 'c13', 'c14', 'c15', 'c16', 'c17']",495,0.966796875,0.0,False,0.0,0.0,0.0,17,0,False,0.0
keyword_overlap,content_02_clinic_access,c_q09_two_hop,two_hop,512,"['c33', 'c36', 'c01', 'c05', 'c21', 'c06', 'c09', 'c25', 'c37', 'c02', 'c17', 'c18', 'c22', 'c27', 'c34', 'c39', 'c08', 'c13']",512,1.0,0.6666666666666666,False,1.0,0.16666666666666666,0.26666666666666666,15,0,False,0.15789473684210525
random,content_02_clinic_access,c_q09_two_hop,two_hop,512,"['c11', 'c36', 'c07', 'c14', 'c15', 'c06', 'c28', 'c08', 'c33', 'c13', 'c32', 'c18', 'c25', 'c35', 'c24', 'c38', 'c17']",501,0.978515625,0.6666666666666666,False,1.0,0.17647058823529413,0.27906976744186046,14,0,False,0.16666666666666666
feature_knapsack,content_02_clinic_access,c_q09_two_hop,two_hop,512,"['c02', 'c33', 'c34', 'c35', 'c36', 'c37']",175,0.341796875,1.0,True,1.0,0.6666666666666666,0.8,2,0,False,0.6666666666666666
budget_fill,content_02_clinic_access,c_q09_two_hop,two_hop,1024,"['c01', 'c02', 'c03', 'c04', 'c05', 'c06', 'c07', 'c08', 'c09', 'c10', 'c11', 'c12', 'c13', 'c14', 'c15', 'c16', 'c17', 'c18', 'c19', 'c20', 'c21', 'c22', 'c23', 'c24', 'c25', 'c26', 'c27', 'c28', 'c29', 'c30', 'c31', 'c32', 'c33', 'c34', 'c35']",1023,0.9990234375,1.0,True,0.0,0.08571428571428572,0.15789473684210528,32,0,False,0.08333333333333333
keyword_overlap,content_02_clinic_access,c_q09_two_hop,two_hop,1024,"['c33', 'c36', 'c01', 'c05', 'c21', 'c06', 'c09', 'c25', 'c37', 'c02', 'c17', 'c18', 'c22', 'c27', 'c34', 'c39', 'c08', 'c14', 'c23', 'c24', 'c26', 'c35', 'c38', 'c04', 'c12', 'c15', 'c16', 'c19', 'c20', 'c13', 'c29', 'c03', 'c07', 'c10', 'c30']",1020,0.99609375,1.0,True,1.0,0.11428571428571428,0.20512820512820512,31,0,False,0.11428571428571428
random,content_02_clinic_access,c_q09_two_hop,two_hop,1024,"['c08', 'c15', 'c26', 'c37', 'c19', 'c36', 'c32', 'c39', 'c29', 'c07', 'c05', 'c35', 'c31', 'c21', 'c16', 'c13', 'c40', 'c14', 'c22', 'c06', 'c25', 'c01', 'c24', 'c11', 'c18', 'c03', 'c09', 'c28', 'c12', 'c10', 'c27', 'c23', 'c30', 'c33', 'c34']",1022,0.998046875,1.0,True,1.0,0.11428571428571428,0.20512820512820512,31,0,False,0.11428571428571428
feature_knapsack,content_02_clinic_access,c_q09_two_hop,two_hop,1024,"['c02', 'c33', 'c34', 'c35', 'c36', 'c37']",175,0.1708984375,1.0,True,1.0,0.6666666666666666,0.8,2,0,False,0.6666666666666666
budget_fill,content_02_clinic_access,c_q10_two_hop,two_hop,128,"['c01', 'c02', 'c03', 'c04']",115,0.8984375,0.0,False,0.0,0.0,0.0,4,0,False,0.0
keyword_overlap,content_02_clinic_access,c_q10_two_hop,two_hop,128,"['c40', 'c37', 'c33', 'c39']",116,0.90625,0.6666666666666666,False,1.0,0.75,0.7058823529411765,1,0,False,0.4
random,content_02_clinic_access,c_q10_two_hop,two_hop,128,"['c26', 'c14', 'c21', 'c31']",117,0.9140625,0.0,False,0.0,0.0,0.0,4,0,False,0.0
feature_knapsack,content_02_clinic_access,c_q10_two_hop,two_hop,128,"['c36', 'c37', 'c38', 'c40']",120,0.9375,0.6666666666666666,False,1.0,0.75,0.7058823529411765,1,0,False,0.4
budget_fill,content_02_clinic_access,c_q10_two_hop,two_hop,256,"['c01', 'c02', 'c03', 'c04', 'c05', 'c06', 'c07', 'c08', 'c13']",256,1.0,0.0,False,0.0,0.0,0.0,9,0,False,0.0
keyword_overlap,content_02_clinic_access,c_q10_two_hop,two_hop,256,"['c40', 'c37', 'c33', 'c39', 'c38', 'c01', 'c05', 'c13', 'c21']",254,0.9921875,1.0,True,1.0,0.4444444444444444,0.6153846153846153,5,0,False,0.4444444444444444
random,content_02_clinic_access,c_q10_two_hop,two_hop,256,"['c38', 'c08', 'c12', 'c07', 'c34', 'c13', 'c15', 'c23']",237,0.92578125,0.3333333333333333,False,0.0,0.125,0.18181818181818182,7,0,False,0.09090909090909091
feature_knapsack,content_02_clinic_access,c_q10_two_hop,two_hop,256,"['c33', 'c34', 'c36', 'c37', 'c38', 'c39', 'c40']",206,0.8046875,1.0,True,1.0,0.5714285714285714,0.7272727272727273,3,0,False,0.5714285714285714
budget_fill,content_02_clinic_access,c_q10_two_hop,two_hop,512,"['c01', 'c02', 'c03', 'c04', 'c05', 'c06', 'c07', 'c08', 'c09', 'c10', 'c11', 'c12', 'c13', 'c14', 'c15', 'c16', 'c17']",495,0.966796875,0.0,False,0.0,0.0,0.0,17,0,False,0.0
keyword_overlap,content_02_clinic_access,c_q10_two_hop,two_hop,512,"['c40', 'c37', 'c33', 'c39', 'c38', 'c01', 'c05', 'c13', 'c21', 'c29', 'c03', 'c06', 'c09', 'c25', 'c02', 'c07', 'c10', 'c17']",509,0.994140625,1.0,True,1.0,0.2222222222222222,0.3636363636363636,14,0,False,0.2222222222222222
random,content_02_clinic_access,c_q10_two_hop,two_hop,512,"['c11', 'c39', 'c29', 'c08', 'c36', 'c21', 'c15', 'c04', 'c02', 'c37', 'c24', 'c40', 'c26', 'c20', 'c01', 'c03', 'c35']",500,0.9765625,0.6666666666666666,False,1.0,0.17647058823529413,0.27906976744186046,14,0,False,0.16666666666666666
feature_knapsack,content_02_clinic_access,c_q10_two_hop,two_hop,512,"['c33', 'c34', 'c36', 'c37', 'c38', 'c39', 'c40']",206,0.40234375,1.0,True,1.0,0.5714285714285714,0.7272727272727273,3,0,False,0.5714285714285714
budget_fill,content_02_clinic_access,c_q10_two_hop,two_hop,1024,"['c01', 'c02', 'c03', 'c04', 'c05', 'c06', 'c07', 'c08', 'c09', 'c10', 'c11', 'c12', 'c13', 'c14', 'c15', 'c16', 'c17', 'c18', 'c19', 'c20', 'c21', 'c22', 'c23', 'c24', 'c25', 'c26', 'c27', 'c28', 'c29', 'c30', 'c31', 'c32', 'c33', 'c34', 'c35']",1023,0.9990234375,0.0,False,0.0,0.0,0.0,35,0,False,0.0
keyword_overlap,content_02_clinic_access,c_q10_two_hop,two_hop,1024,"['c40', 'c37', 'c33', 'c39', 'c38', 'c01', 'c05', 'c13', 'c21', 'c29', 'c03', 'c06', 'c09', 'c25', 'c02', 'c07', 'c10', 'c17', 'c18', 'c22', 'c27', 'c30', 'c34', 'c08', 'c11', 'c14', 'c23', 'c24', 'c26', 'c31', 'c32', 'c35', 'c04', 'c12', 'c15']",1017,0.9931640625,1.0,True,1.0,0.11428571428571428,0.20512820512820512,31,0,False,0.11428571428571428
random,content_02_clinic_access,c_q10_two_hop,two_hop,1024,"['c15', 'c25', 'c37', 'c20', 'c08', 'c16', 'c33', 'c27', 'c01', 'c21', 'c05', 'c13', 'c18', 'c23', 'c32', 'c38', 'c31', 'c10', 'c02', 'c06', 'c29', 'c35', 'c12', 'c07', 'c11', 'c14', 'c36', 'c22', 'c40', 'c30', 'c17', 'c19', 'c09', 'c24', 'c26']",1024,1.0,0.6666666666666666,False,1.0,0.08571428571428572,0.1518987341772152,32,0,False,0.08333333333333333
feature_knapsack,content_02_clinic_access,c_q10_two_hop,two_hop,1024,"['c33', 'c34', 'c36', 'c37', 'c38', 'c39', 'c40']",206,0.201171875,1.0,True,1.0,0.5714285714285714,0.7272727272727273,3,0,False,0.5714285714285714
budget_fill,content_02_clinic_access,c_q11_three_hop,three_hop,128,"['c01', 'c02', 'c03', 'c04']",115,0.8984375,0.0,False,0.0,0.0,0.0,4,0,False,0.0
keyword_overlap,content_02_clinic_access,c_q11_three_hop,three_hop,128,"['c09', 'c12', 'c11', 'c05']",116,0.90625,0.6666666666666666,False,1.0,0.75,0.7058823529411765,1,0,False,0.4
random,content_02_clinic_access,c_q11_three_hop,three_hop,128,"['c22', 'c12', 'c39', 'c09']",117,0.9140625,0.3333333333333333,False,1.0,0.5,0.4,2,0,False,0.16666666666666666
feature_knapsack,content_02_clinic_access,c_q11_three_hop,three_hop,128,"['c09', 'c10', 'c11', 'c12']",118,0.921875,1.0,True,1.0,1.0,1.0,0,0,False,0.75
budget_fill,content_02_clinic_access,c_q11_three_hop,three_hop,256,"['c01', 'c02', 'c03', 'c04', 'c05', 'c06', 'c07', 'c08', 'c13']",256,1.0,0.0,False,0.0,0.0,0.0,9,0,False,0.0
keyword_overlap,content_02_clinic_access,c_q11_three_hop,three_hop,256,"['c09', 'c12', 'c11', 'c05', 'c27', 'c08', 'c24', 'c01']",232,0.90625,0.6666666666666666,False,1.0,0.375,0.4800000000000001,5,0,False,0.3333333333333333
random,content_02_clinic_access,c_q11_three_hop,three_hop,256,"['c20', 'c25', 'c38', 'c07', 'c11', 'c10', 'c19', 'c33']",236,0.921875,0.6666666666666666,False,0.0,0.25,0.36363636363636365,6,0,False,0.2
feature_knapsack,content_02_clinic_access,c_q11_three_hop,three_hop,256,"['c08', 'c09', 'c10', 'c11', 'c12', 'c24', 'c27', 'c30']",236,0.921875,1.0,True,1.0,0.5,0.6666666666666666,4,0,False,0.5
budget_fill,content_02_clinic_access,c_q11_three_hop,three_hop,512,"['c01', 'c02', 'c03', 'c04', 'c05', 'c06', 'c07', 'c08', 'c09', 'c10', 'c11', 'c12', 'c13', 'c14', 'c15', 'c16', 'c17']",495,0.966796875,1.0,True,1.0,0.23529411764705882,0.38095238095238093,13,0,False,0.23529411764705882
keyword_overlap,content_02_clinic_access,c_q11_three_hop,three_hop,512,"['c09', 'c12', 'c11', 'c05', 'c27', 'c08', 'c24', 'c01', 'c21', 'c06', 'c25', 'c33', 'c37', 'c02', 'c10', 'c17', 'c18']",487,0.951171875,1.0,True,1.0,0.23529411764705882,0.38095238095238093,13,0,False,0.23529411764705882
random,content_02_clinic_access,c_q11_three_hop,three_hop,512,"['c25', 'c12', 'c11', 'c06', 'c33', 'c23', 'c03', 'c38', 'c32', 'c18', 'c15', 'c04', 'c05', 'c31', 'c27', 'c22', 'c02']",498,0.97265625,0.3333333333333333,False,1.0,0.11764705882352941,0.1739130434782609,15,0,False,0.10526315789473684
feature_knapsack,content_02_clinic_access,c_q11_three_hop,three_hop,512,"['c06', 'c08', 'c09', 'c10', 'c11', 'c12', 'c24', 'c27', 'c30']",264,0.515625,1.0,True,1.0,0.4444444444444444,0.6153846153846153,5,0,False,0.4444444444444444
budget_fill,content_02_clinic_access,c_q11_three_hop,three_hop,1024,"['c01', 'c02', 'c03', 'c04', 'c05', 'c06', 'c07', 'c08', 'c09', 'c10', 'c11', 'c12', 'c13', 'c14', 'c15', 'c16', 'c17', 'c18', 'c19', 'c20', 'c21', 'c22', 'c23', 'c24', 'c25', 'c26', 'c27', 'c28', 'c29', 'c30', 'c31', 'c32', 'c33', 'c34', 'c35']",1023,0.9990234375,1.0,True,1.0,0.11428571428571428,0.20512820512820512,31,0,False,0.11428571428571428
keyword_overlap,content_02_clinic_access,c_q11_three_hop,three_hop,1024,"['c09', 'c12', 'c11', 'c05', 'c27', 'c08', 'c24', 'c01', 'c21', 'c06', 'c25', 'c33', 'c37', 'c02', 'c10', 'c17', 'c18', 'c22', 'c30', 'c39', 'c14', 'c23', 'c26', 'c35', 'c38', 'c04', 'c15', 'c16', 'c19', 'c20', 'c36', 'c13', 'c29', 'c03', 'c07']",1021,0.9970703125,1.0,True,1.0,0.11428571428571428,0.20512820512820512,31,0,False,0.11428571428571428
random,content_02_clinic_access,c_q11_three_hop,three_hop,1024,"['c38', 'c35', 'c11', 'c37', 'c32', 'c22', 'c39', 'c17', 'c34', 'c03', 'c27', 'c12', 'c24', 'c28', 'c36', 'c31', 'c06', 'c21', 'c04', 'c05', 'c15', 'c02', 'c13', 'c16', 'c25', 'c40', 'c19', 'c01', 'c08', 'c30', 'c26', 'c10', 'c18', 'c14']",999,0.9755859375,0.6666666666666666,False,1.0,0.08823529411764706,0.15584415584415584,31,0,False,0.08571428571428572
feature_knapsack,content_02_clinic_access,c_q11_three_hop,three_hop,1024,"['c06', 'c08', 'c09', 'c10', 'c11', 'c12', 'c24', 'c27', 'c30']",264,0.2578125,1.0,True,1.0,0.4444444444444444,0.6153846153846153,5,0,False,0.4444444444444444
budget_fill,content_02_clinic_access,c_q12_three_hop,three_hop,128,"['c01', 'c02', 'c03', 'c04']",115,0.8984375,0.0,False,0.0,0.0,0.0,4,0,False,0.0
keyword_overlap,content_02_clinic_access,c_q12_three_hop,three_hop,128,"['c16', 'c15', 'c13', 'c14']",119,0.9296875,1.0,True,1.0,1.0,1.0,0,0,False,0.75
random,content_02_clinic_access,c_q12_three_hop,three_hop,128,"['c25', 'c22', 'c31', 'c19']",118,0.921875,0.0,False,0.0,0.0,0.0,4,0,False,0.0
feature_knapsack,content_02_clinic_access,c_q12_three_hop,three_hop,128,"['c13', 'c14', 'c15', 'c16']",119,0.9296875,1.0,True,1.0,1.0,1.0,0,0,False,0.75
budget_fill,content_02_clinic_access,c_q12_three_hop,three_hop,256,"['c01', 'c02', 'c03', 'c04', 'c05', 'c06', 'c07', 'c08', 'c13']",256,1.0,0.3333333333333333,False,0.0,0.1111111111111111,0.16666666666666666,8,0,False,0.08333333333333333
keyword_overlap,content_02_clinic_access,c_q12_three_hop,three_hop,256,"['c16', 'c15', 'c13', 'c14', 'c36', 'c01', 'c05', 'c21']",231,0.90234375,1.0,True,1.0,0.5,0.6666666666666666,4,0,False,0.5
random,content_02_clinic_access,c_q12_three_hop,three_hop,256,"['c27', 'c10', 'c25', 'c40', 'c23', 'c04', 'c07', 'c18']",236,0.921875,0.0,False,0.0,0.0,0.0,8,0,False,0.0
feature_knapsack,content_02_clinic_access,c_q12_three_hop,three_hop,256,"['c04', 'c13', 'c14', 'c15', 'c16', 'c31', 'c36']",211,0.82421875,1.0,True,1.0,0.5714285714285714,0.7272727272727273,3,0,False,0.5714285714285714
budget_fill,content_02_clinic_access,c_q12_three_hop,three_hop,512,"['c01', 'c02', 'c03', 'c04', 'c05', 'c06', 'c07', 'c08', 'c09', 'c10', 'c11', 'c12', 'c13', 'c14', 'c15', 'c16', 'c17']",495,0.966796875,1.0,True,1.0,0.23529411764705882,0.38095238095238093,13,0,False,0.23529411764705882
keyword_overlap,content_02_clinic_access,c_q12_three_hop,three_hop,512,"['c16', 'c15', 'c13', 'c14', 'c36', 'c01', 'c05', 'c21', 'c06', 'c09', 'c25', 'c33', 'c37', 'c02', 'c17', 'c18', 'c22']",487,0.951171875,1.0,True,1.0,0.23529411764705882,0.38095238095238093,13,0,False,0.23529411764705882
random,content_02_clinic_access,c_q12_three_hop,three_hop,512,"['c16', 'c29', 'c38', 'c32', 'c13', 'c02', 'c05', 'c30', 'c33', 'c37', 'c20', 'c15', 'c03', 'c10', 'c35', 'c08', 'c11']",495,0.966796875,0.6666666666666666,False,1.0,0.17647058823529413,0.27906976744186046,14,0,False,0.16666666666666666
feature_knapsack,content_02_clinic_access,c_q12_three_hop,three_hop,512,"['c04', 'c13', 'c14', 'c15', 'c16', 'c31', 'c36']",211,0.412109375,1.0,True,1.0,0.5714285714285714,0.7272727272727273,3,0,False,0.5714285714285714
budget_fill,content_02_clinic_access,c_q12_three_hop,three_hop,1024,"['c01', 'c02', 'c03', 'c04', 'c05', 'c06', 'c07', 'c08', 'c09', 'c10', 'c11', 'c12', 'c13', 'c14', 'c15', 'c16', 'c17', 'c18', 'c19', 'c20', 'c21', 'c22', 'c23', 'c24', 'c25', 'c26', 'c27', 'c28', 'c29', 'c30', 'c31', 'c32', 'c33', 'c34', 'c35']",1023,0.9990234375,1.0,True,1.0,0.11428571428571428,0.20512820512820512,31,0,False,0.11428571428571428
keyword_overlap,content_02_clinic_access,c_q12_three_hop,three_hop,1024,"['c16', 'c15', 'c13', 'c14', 'c36', 'c01', 'c05', 'c21', 'c06', 'c09', 'c25', 'c33', 'c37', 'c02', 'c17', 'c18', 'c22', 'c27', 'c39', 'c08', 'c23', 'c24', 'c26', 'c31', 'c35', 'c38', 'c04', 'c12', 'c19', 'c20', 'c29', 'c03', 'c07', 'c10', 'c30']",1021,0.9970703125,1.0,True,1.0,0.11428571428571428,0.20512820512820512,31,0,False,0.11428571428571428
random,content_02_clinic_access,c_q12_three_hop,three_hop,1024,"['c39', 'c31', 'c22', 'c18', 'c05', 'c02', 'c19', 'c06', 'c20', 'c03', 'c35', 'c08', 'c07', 'c13', 'c37', 'c29', 'c11', 'c12', 'c17', 'c15', 'c10', 'c28', 'c38', 'c40', 'c25', 'c23', 'c09', 'c27', 'c01', 'c36', 'c26', 'c34', 'c33', 'c21', 'c04']",1022,0.998046875,0.6666666666666666,False,0.0,0.05714285714285714,0.10526315789473684,33,0,False,0.05405405405405406
feature_knapsack,content_02_clinic_access,c_q12_three_hop,three_hop,1024,"['c04', 'c13', 'c14', 'c15', 'c16', 'c31', 'c36']",211,0.2060546875,1.0,True,1.0,0.5714285714285714,0.7272727272727273,3,0,False,0.5714285714285714
budget_fill,content_02_clinic_access,c_q13_three_hop,three_hop,128,"['c01', 'c02', 'c03', 'c04']",115,0.8984375,0.0,False,0.0,0.0,0.0,4,0,False,0.0
keyword_overlap,content_02_clinic_access,c_q13_three_hop,three_hop,128,"['c33', 'c36', 'c37', 'c04']",118,0.921875,0.3333333333333333,False,1.0,0.5,0.4,2,0,False,0.16666666666666666
random,content_02_clinic_access,c_q13_three_hop,three_hop,128,"['c18', 'c30', 'c28', 'c23']",119,0.9296875,0.0,False,0.0,0.0,0.0,4,0,False,0.0
feature_knapsack,content_02_clinic_access,c_q13_three_hop,three_hop,128,"['c20', 'c33', 'c36', 'c40']",121,0.9453125,0.3333333333333333,False,1.0,0.5,0.4,2,0,False,0.16666666666666666
budget_fill,content_02_clinic_access,c_q13_three_hop,three_hop,256,"['c01', 'c02', 'c03', 'c04', 'c05', 'c06', 'c07', 'c08', 'c13']",256,1.0,0.0,False,0.0,0.0,0.0,9,0,False,0.0
keyword_overlap,content_02_clinic_access,c_q13_three_hop,three_hop,256,"['c33', 'c36', 'c37', 'c04', 'c12', 'c20', 'c01', 'c05']",234,0.9140625,0.3333333333333333,False,1.0,0.25,0.28571428571428575,6,0,False,0.2
random,content_02_clinic_access,c_q13_three_hop,three_hop,256,"['c30', 'c15', 'c07', 'c10', 'c13', 'c01', 'c11', 'c17']",231,0.90234375,0.0,False,0.0,0.0,0.0,8,0,False,0.0
feature_knapsack,content_02_clinic_access,c_q13_three_hop,three_hop,256,"['c20', 'c33', 'c34', 'c35', 'c36', 'c37', 'c38', 'c40']",238,0.9296875,1.0,True,1.0,0.5,0.6666666666666666,4,0,False,0.5
budget_fill,content_02_clinic_access,c_q13_three_hop,three_hop,512,"['c01', 'c02', 'c03', 'c04', 'c05', 'c06', 'c07', 'c08', 'c09', 'c10', 'c11', 'c12', 'c13', 'c14', 'c15', 'c16', 'c17']",495,0.966796875,0.0,False,0.0,0.0,0.0,17,0,False,0.0
keyword_overlap,content_02_clinic_access,c_q13_three_hop,three_hop,512,"['c33', 'c36', 'c37', 'c04', 'c12', 'c20', 'c01', 'c05', 'c09', 'c02', 'c07', 'c18', 'c22', 'c08', 'c24', 'c38', 'c15']",499,0.974609375,0.3333333333333333,False,1.0,0.11764705882352941,0.1739130434782609,15,0,False,0.10526315789473684
random,content_02_clinic_access,c_q13_three_hop,three_hop,512,"['c15', 'c30', 'c28', 'c09', 'c19', 'c13', 'c18', 'c16', 'c35', 'c37', 'c20', 'c26', 'c27', 'c03', 'c10', 'c05', 'c40']",500,0.9765625,0.3333333333333333,False,0.0,0.058823529411764705,0.1,16,0,False,0.05
feature_knapsack,content_02_clinic_access,c_q13_three_hop,three_hop,512,"['c20', 'c33', 'c34', 'c35', 'c36', 'c37', 'c38', 'c40']",238,0.46484375,1.0,True,1.0,0.5,0.6666666666666666,4,0,False,0.5
budget_fill,content_02_clinic_access,c_q13_three_hop,three_hop,1024,"['c01', 'c02', 'c03', 'c04', 'c05', 'c06', 'c07', 'c08', 'c09', 'c10', 'c11', 'c12', 'c13', 'c14', 'c15', 'c16', 'c17', 'c18', 'c19', 'c20', 'c21', 'c22', 'c23', 'c24', 'c25', 'c26', 'c27', 'c28', 'c29', 'c30', 'c31', 'c32', 'c33', 'c34', 'c35']",1023,0.9990234375,1.0,True,0.0,0.08571428571428572,0.15789473684210528,32,0,False,0.08333333333333333
keyword_overlap,content_02_clinic_access,c_q13_three_hop,three_hop,1024,"['c33', 'c36', 'c37', 'c04', 'c12', 'c20', 'c01', 'c05', 'c09', 'c02', 'c07', 'c18', 'c22', 'c08', 'c24', 'c38', 'c15', 'c21', 'c29', 'c03', 'c06', 'c25', 'c17', 'c27', 'c34', 'c39', 'c11', 'c14', 'c23', 'c26', 'c35', 'c16', 'c19', 'c40', 'c13']",1023,0.9990234375,1.0,True,1.0,0.11428571428571428,0.20512820512820512,31,0,False,0.11428571428571428
random,content_02_clinic_access,c_q13_three_hop,three_hop,1024,"['c02', 'c12', 'c14', 'c17', 'c22', 'c30', 'c27', 'c37', 'c25', 'c23', 'c18', 'c35', 'c05', 'c36', 'c28', 'c16', 'c38', 'c19', 'c10', 'c34', 'c09', 'c40', 'c04', 'c03', 'c01', 'c21', 'c20', 'c26', 'c15', 'c13', 'c06', 'c11', 'c31', 'c24']",999,0.9755859375,0.6666666666666666,False,1.0,0.08823529411764706,0.15584415584415584,31,0,False,0.08571428571428572
feature_knapsack,content_02_clinic_access,c_q13_three_hop,three_hop,1024,"['c20', 'c33', 'c34', 'c35', 'c36', 'c37', 'c38', 'c40']",238,0.232421875,1.0,True,1.0,0.5,0.6666666666666666,4,0,False,0.5
budget_fill,content_02_clinic_access,c_q14_three_hop,three_hop,128,"['c01', 'c02', 'c03', 'c04']",115,0.8984375,0.0,False,0.0,0.0,0.0,4,0,False,0.0
keyword_overlap,content_02_clinic_access,c_q14_three_hop,three_hop,128,"['c25', 'c28', 'c24', 'c26']",119,0.9296875,0.6666666666666666,False,1.0,0.75,0.7058823529411765,1,0,False,0.4
random,content_02_clinic_access,c_q14_three_hop,three_hop,128,"['c13', 'c21', 'c06', 'c05']",109,0.8515625,0.0,False,0.0,0.0,0.0,4,0,False,0.0
feature_knapsack,content_02_clinic_access,c_q14_three_hop,three_hop,128,"['c25', 'c26', 'c27', 'c28']",118,0.921875,1.0,True,1.0,1.0,1.0,0,0,False,0.75
budget_fill,content_02_clinic_access,c_q14_three_hop,three_hop,256,"['c01', 'c02', 'c03', 'c04', 'c05', 'c06', 'c07', 'c08', 'c13']",256,1.0,0.0,False,0.0,0.0,0.0,9,0,False,0.0
keyword_overlap,content_02_clinic_access,c_q14_three_hop,three_hop,256,"['c25', 'c28', 'c24', 'c26', 'c29', 'c27', 'c01', 'c05', 'c13']",256,1.0,1.0,True,1.0,0.4444444444444444,0.6153846153846153,5,0,False,0.4444444444444444
random,content_02_clinic_access,c_q14_three_hop,three_hop,256,"['c19', 'c08', 'c01', 'c15', 'c39', 'c24', 'c30', 'c17']",236,0.921875,0.0,False,0.0,0.0,0.0,8,0,False,0.0
feature_knapsack,content_02_clinic_access,c_q14_three_hop,three_hop,256,"['c05', 'c12', 'c24', 'c25', 'c26', 'c27', 'c28', 'c30']",235,0.91796875,1.0,True,1.0,0.5,0.6666666666666666,4,0,False,0.5
budget_fill,content_02_clinic_access,c_q14_three_hop,three_hop,512,"['c01', 'c02', 'c03', 'c04', 'c05', 'c06', 'c07', 'c08', 'c09', 'c10', 'c11', 'c12', 'c13', 'c14', 'c15', 'c16', 'c17']",495,0.966796875,0.0,False,0.0,0.0,0.0,17,0,False,0.0
keyword_overlap,content_02_clinic_access,c_q14_three_hop,three_hop,512,"['c25', 'c28', 'c24', 'c26', 'c29', 'c27', 'c01', 'c05', 'c13', 'c09', 'c33', 'c07', 'c10', 'c30', 'c11', 'c14', 'c32']",489,0.955078125,1.0,True,1.0,0.23529411764705882,0.38095238095238093,13,0,False,0.23529411764705882
random,content_02_clinic_access,c_q14_three_hop,three_hop,512,"['c01', 'c25', 'c08', 'c24', 'c03', 'c13', 'c10', 'c29', 'c05', 'c12', 'c18', 'c09', 'c27', 'c21', 'c30', 'c17', 'c36']",486,0.94921875,0.6666666666666666,False,0.0,0.11764705882352941,0.2,15,0,False,0.10526315789473684
feature_knapsack,content_02_clinic_access,c_q14_three_hop,three_hop,512,"['c05', 'c09', 'c11', 'c12', 'c24', 'c25', 'c26', 'c27', 'c28', 'c30']",293,0.572265625,1.0,True,1.0,0.4,0.5714285714285715,6,0,False,0.4
budget_fill,content_02_clinic_access,c_q14_three_hop,three_hop,1024,"['c01', 'c02', 'c03', 'c04', 'c05', 'c06', 'c07', 'c08', 'c09', 'c10', 'c11', 'c12', 'c13', 'c14', 'c15', 'c16', 'c17', 'c18', 'c19', 'c20', 'c21', 'c22', 'c23', 'c24', 'c25', 'c26', 'c27', 'c28', 'c29', 'c30', 'c31', 'c32', 'c33', 'c34', 'c35']",1023,0.9990234375,1.0,True,1.0,0.11428571428571428,0.20512820512820512,31,0,False,0.11428571428571428
keyword_overlap,content_02_clinic_access,c_q14_three_hop,three_hop,1024,"['c25', 'c28', 'c24', 'c26', 'c29', 'c27', 'c01', 'c05', 'c13', 'c09', 'c33', 'c07', 'c10', 'c30', 'c11', 'c14', 'c32', 'c04', 'c12', 'c40', 'c21', 'c03', 'c06', 'c37', 'c02', 'c17', 'c18', 'c22', 'c34', 'c39', 'c08', 'c23', 'c31', 'c35', 'c38']",1017,0.9931640625,1.0,True,1.0,0.11428571428571428,0.20512820512820512,31,0,False,0.11428571428571428
random,content_02_clinic_access,c_q14_three_hop,three_hop,1024,"['c33', 'c27', 'c25', 'c16', 'c03', 'c11', 'c40', 'c06', 'c08', 'c24', 'c17', 'c01', 'c23', 'c31', 'c28', 'c05', 'c14', 'c39', 'c15', 'c34', 'c29', 'c18', 'c10', 'c20', 'c30', 'c26', 'c35', 'c36', 'c37', 'c32', 'c19', 'c22', 'c02', 'c04']",1000,0.9765625,1.0,True,1.0,0.11764705882352941,0.21052631578947367,30,0,False,0.11764705882352941
feature_knapsack,content_02_clinic_access,c_q14_three_hop,three_hop,1024,"['c05', 'c09', 'c11', 'c12', 'c24', 'c25', 'c26', 'c27', 'c28', 'c30']",293,0.2861328125,1.0,True,1.0,0.4,0.5714285714285715,6,0,False,0.4
budget_fill,content_02_clinic_access,c_q15_three_hop,three_hop,128,"['c01', 'c02', 'c03', 'c04']",115,0.8984375,0.0,False,0.0,0.0,0.0,4,0,False,0.0
keyword_overlap,content_02_clinic_access,c_q15_three_hop,three_hop,128,"['c29', 'c32', 'c20', 'c04']",119,0.9296875,0.3333333333333333,False,1.0,0.5,0.4,2,0,False,0.16666666666666666
random,content_02_clinic_access,c_q15_three_hop,three_hop,128,"['c14', 'c13', 'c12', 'c06']",116,0.90625,0.0,False,0.0,0.0,0.0,4,0,False,0.0
feature_knapsack,content_02_clinic_access,c_q15_three_hop,three_hop,128,"['c28', 'c29', 'c30', 'c32']",117,0.9140625,0.6666666666666666,False,1.0,0.75,0.7058823529411765,1,0,False,0.4
budget_fill,content_02_clinic_access,c_q15_three_hop,three_hop,256,"['c01', 'c02', 'c03', 'c04', 'c05', 'c06', 'c07', 'c08', 'c13']",256,1.0,0.0,False,0.0,0.0,0.0,9,0,False,0.0
keyword_overlap,content_02_clinic_access,c_q15_three_hop,three_hop,256,"['c29', 'c32', 'c20', 'c04', 'c12', 'c01', 'c05', 'c21']",231,0.90234375,0.3333333333333333,False,1.0,0.25,0.28571428571428575,6,0,False,0.2
random,content_02_clinic_access,c_q15_three_hop,three_hop,256,"['c13', 'c20', 'c28', 'c10', 'c05', 'c09', 'c06', 'c07']",230,0.8984375,0.0,False,0.0,0.0,0.0,8,0,False,0.0
feature_knapsack,content_02_clinic_access,c_q15_three_hop,three_hop,256,"['c17', 'c18', 'c20', 'c28', 'c29', 'c30', 'c31', 'c32']",236,0.921875,1.0,True,1.0,0.5,0.6666666666666666,4,0,False,0.5
budget_fill,content_02_clinic_access,c_q15_three_hop,three_hop,512,"['c01', 'c02', 'c03', 'c04', 'c05', 'c06', 'c07', 'c08', 'c09', 'c10', 'c11', 'c12', 'c13', 'c14', 'c15', 'c16', 'c17']",495,0.966796875,0.0,False,0.0,0.0,0.0,17,0,False,0.0
keyword_overlap,content_02_clinic_access,c_q15_three_hop,three_hop,512,"['c29', 'c32', 'c20', 'c04', 'c12', 'c01', 'c05', 'c21', 'c03', 'c06', 'c09', 'c25', 'c33', 'c37', 'c02', 'c07', 'c17']",486,0.94921875,0.3333333333333333,False,1.0,0.11764705882352941,0.1739130434782609,15,0,False,0.10526315789473684
random,content_02_clinic_access,c_q15_three_hop,three_hop,512,"['c15', 'c26', 'c17', 'c14', 'c04', 'c36', 'c13', 'c39', 'c34', 'c20', 'c16', 'c24', 'c37', 'c12', 'c05', 'c19', 'c32']",506,0.98828125,0.0,False,1.0,0.058823529411764705,0.0,16,0,False,0.05
feature_knapsack,content_02_clinic_access,c_q15_three_hop,three_hop,512,"['c17', 'c18', 'c20', 'c28', 'c29', 'c30', 'c31', 'c32']",236,0.4609375,1.0,True,1.0,0.5,0.6666666666666666,4,0,False,0.5
budget_fill,content_02_clinic_access,c_q15_three_hop,three_hop,1024,"['c01', 'c02', 'c03', 'c04', 'c05', 'c06', 'c07', 'c08', 'c09', 'c10', 'c11', 'c12', 'c13', 'c14', 'c15', 'c16', 'c17', 'c18', 'c19', 'c20', 'c21', 'c22', 'c23', 'c24', 'c25', 'c26', 'c27', 'c28', 'c29', 'c30', 'c31', 'c32', 'c33', 'c34', 'c35']",1023,0.9990234375,1.0,True,1.0,0.11428571428571428,0.20512820512820512,31,0,False,0.11428571428571428
keyword_overlap,content_02_clinic_access,c_q15_three_hop,three_hop,1024,"['c29', 'c32', 'c20', 'c04', 'c12', 'c01', 'c05', 'c21', 'c03', 'c06', 'c09', 'c25', 'c33', 'c37', 'c02', 'c07', 'c17', 'c18', 'c22', 'c27', 'c30', 'c39', 'c08', 'c14', 'c23', 'c24', 'c26', 'c35', 'c38', 'c15', 'c16', 'c19', 'c28', 'c36', 'c13']",1023,0.9990234375,0.6666666666666666,False,1.0,0.08571428571428572,0.1518987341772152,32,0,False,0.08333333333333333
random,content_02_clinic_access,c_q15_three_hop,three_hop,1024,"['c03', 'c11', 'c04', 'c26', 'c24', 'c39', 'c38', 'c18', 'c01', 'c37', 'c09', 'c25', 'c40', 'c06', 'c15', 'c23', 'c33', 'c27', 'c31', 'c12', 'c36', 'c14', 'c02', 'c32', 'c07', 'c34', 'c05', 'c16', 'c29', 'c17', 'c30', 'c13', 'c21', 'c08', 'c10']",1020,0.99609375,1.0,True,1.0,0.11428571428571428,0.20512820512820512,31,0,False,0.11428571428571428
feature_knapsack,content_02_clinic_access,c_q15_three_hop,three_hop,1024,"['c17', 'c18', 'c20', 'c28', 'c29', 'c30', 'c31', 'c32']",236,0.23046875,1.0,True,1.0,0.5,0.6666666666666666,4,0,False,0.5
